date,consumer_discretionary,nike,spstock
2019-01-02,50.4799995422363,74.0599975585938,2510.030029
2019-01-03,50.189998626709,72.75,2447.889893
2019-01-04,51.2599983215332,74.6500015258789,2531.939941
2019-01-07,51.189998626709,75.7200012207031,2549.689941
2019-01-08,51.6599998474121,76.7300033569336,2574.409912
2019-01-09,51.1800003051758,76.5899963378906,2584.959961
2019-01-10,51.4799995422363,76.4199981689453,2596.639893
2019-01-11,51.6300010681152,76.0400009155273,2596.26001
2019-01-14,51.3800010681152,76.0899963378906,2582.610107
2019-01-15,51.8899993896484,77.879997253418,2610.300049
2019-01-16,51.6100006103516,77.6800003051758,2616.100098
2019-01-17,51.8300018310547,79.129997253418,2635.959961
2019-01-18,52.4500007629395,80.4499969482422,2670.709961
2019-01-22,51.9700012207031,80.75,2632.899902
2019-01-23,52.5900001525879,80.5,2638.699951
2019-01-24,51.939998626709,80.4400024414063,2642.330078
2019-01-25,51.7299995422363,80.6100006103516,2664.76001
2019-01-28,51.9500007629395,80.3199996948242,2643.850098
2019-01-29,52.0699996948242,80.2200012207031,2640
2019-01-30,52.4199981689453,81.2799987792969,2681.050049
2019-01-31,53.3899993896484,81.879997253418,2704.100098
2019-02-01,53.2200012207031,81.5100021362305,2706.530029
2019-02-04,53.560001373291,81.9899978637695,2724.870117
2019-02-05,53.5699996948242,82.8600006103516,2737.699951
2019-02-06,53.5800018310547,82.7099990844727,2731.610107
2019-02-07,53.5400009155273,82.3899993896484,2706.050049
2019-02-08,53.7900009155273,82.3600006103516,2707.879883
2019-02-11,53.9300003051758,83.6800003051758,2709.800049
2019-02-12,54.3499984741211,84.7099990844727,2744.72998
2019-02-13,54.4500007629395,85.4000015258789,2753.030029
2019-02-14,53.8400001525879,84.6800003051758,2745.72998
2019-02-15,54.3499984741211,85.379997253418,2775.600098
2019-02-19,54.6300010681152,84.5699996948242,2779.76001
2019-02-20,54.5299987792969,84.8399963378906,2784.699951
2019-02-21,54.689998626709,83.9499969482422,2774.879883
2019-02-22,54.4300003051758,84.7600021362305,2792.669922
2019-02-25,54.1300010681152,85.1699981689453,2796.110107
2019-02-26,54.1599998474121,85.8000030517578,2793.899902
2019-02-27,54.0800018310547,86.1699981689453,2792.379883
2019-02-28,54.3400001525879,85.7300033569336,2784.48999
2019-03-01,54.2400016784668,87.1600036621094,2803.689941
2019-03-04,54.1500015258789,85.6399993896484,2792.810059
2019-03-05,54.1100006103516,85.4400024414063,2789.649902
2019-03-06,54.0299987792969,85.129997253418,2771.449951
2019-03-07,53.6800003051758,85.2600021362305,2748.929932
2019-03-08,53.7099990844727,84.8000030517578,2743.070068
2019-03-11,54.4099998474121,85.8199996948242,2783.300049
2019-03-12,54.4300003051758,85.4300003051758,2791.52002
2019-03-13,54.7400016784668,85.9300003051758,2810.919922
2019-03-14,54.689998626709,86.870002746582,2808.47998
2019-03-15,54.7000007629395,86.8000030517578,2822.47998
2019-03-18,54.7799987792969,87.8199996948242,2832.939941
2019-03-19,54.7400016784668,87.6900024414063,2832.570068
2019-03-20,54.5099983215332,86.6900024414063,2824.22998
2019-03-21,55.1500015258789,88.0100021362305,2854.879883
2019-03-22,55.0800018310547,82.1900024414063,2800.709961
2019-03-25,55.189998626709,82.3300018310547,2798.360107
2019-03-26,55.6599998474121,83.379997253418,2818.459961
2019-03-27,55.4700012207031,83.0899963378906,2805.370117
2019-03-28,55.7400016784668,84.0400009155273,2815.439941
2019-03-29,56.1100006103516,84.2099990844727,2834.399902
2019-04-01,55.9199981689453,85.2300033569336,2867.189941
2019-04-02,55.4599990844727,84.370002746582,2867.23999
2019-04-03,55.189998626709,84.4700012207031,2873.399902
2019-04-04,55.4000015258789,85.2799987792969,2879.389893
2019-04-05,55.5900001525879,85.4000015258789,2892.73999
2019-04-08,55.8199996948242,84.7300033569336,2895.77002
2019-04-09,55.75,84.2799987792969,2878.199951
2019-04-10,55.9099998474121,84.879997253418,2888.209961
2019-04-11,56.0200004577637,85,2888.320068
2019-04-12,56.2000007629395,86.2399978637695,2907.409912
2019-04-15,56.5299987792969,86.8300018310547,2905.580078
2019-04-16,56.5400009155273,87.8000030517578,2907.060059
2019-04-17,56.8199996948242,88.7300033569336,2900.449951
2019-04-18,56.8699989318848,89.1999969482422,2905.030029
2019-04-22,56.8899993896484,87.3600006103516,2907.969971
2019-04-23,56.7099990844727,87.4300003051758,2933.679932
2019-04-24,56.8300018310547,88.3899993896484,2927.25
2019-04-25,56.4700012207031,87.5599975585938,2926.169922
2019-04-26,56.9799995422363,88.3099975585938,2939.879883
2019-04-29,57.0499992370605,88.2600021362305,2943.030029
2019-04-30,57.7099990844727,87.8300018310547,2945.830078
2019-05-01,57,85.9000015258789,2923.72998
2019-05-02,56.9799995422363,85.2699966430664,2917.52002
2019-05-03,57.4099998474121,85.6999969482422,2945.639893
2019-05-06,57.3199996948242,83.5699996948242,2932.469971
2019-05-07,56.75,82.5400009155273,2884.050049
2019-05-08,56.7400016784668,82.7699966430664,2879.419922
2019-05-09,56.6199989318848,82.9800033569336,2870.719971
2019-05-10,57.310001373291,83.9499969482422,2881.399902
2019-05-13,56.7700004577637,82.5299987792969,2811.870117
2019-05-14,57.0400009155273,83.6699981689453,2834.409912
2019-05-15,57.4900016784668,84.0100021362305,2850.959961
2019-05-16,57.939998626709,84.2799987792969,2876.320068
2019-05-17,57.75,84.5699996948242,2859.530029
2019-05-20,57.6100006103516,82.8499984741211,2840.22998
2019-05-21,57.4900016784668,83.6399993896484,2864.360107
2019-05-22,57.75,83.1999969482422,2856.27002
2019-05-23,57.7299995422363,82.6399993896484,2822.23999
2019-05-24,57.5200004577637,82.1600036621094,2826.060059
2019-05-28,56.5800018310547,81.1999969482422,2802.389893
2019-05-29,56.1699981689453,78.870002746582,2783.02002
2019-05-30,56.4099998474121,79.2600021362305,2788.860107
2019-05-31,55.6100006103516,77.1399993896484,2752.060059
2019-06-03,56.310001373291,77.9599990844727,2744.449951
2019-06-04,56.8199996948242,81.620002746582,2803.27002
2019-06-05,57.4700012207031,82.7200012207031,2826.149902
2019-06-06,58.0699996948242,82.4499969482422,2843.48999
2019-06-07,58.6300010681152,83.4100036621094,2873.340088
2019-06-10,58.6500015258789,82.5800018310547,2886.72998
2019-06-11,58.8400001525879,83.2600021362305,2885.719971
2019-06-12,58.9300003051758,82.629997253418,2879.840088
2019-06-13,59.060001373291,83.6100006103516,2891.639893
2019-06-14,59.0900001525879,83.4400024414063,2886.97998
2019-06-17,58.9199981689453,82.1100006103516,2889.669922
2019-06-18,58.5999984741211,84.3000030517578,2917.75
2019-06-19,58.8400001525879,83.5500030517578,2926.459961
2019-06-20,59.3600006103516,85.2399978637695,2954.179932
2019-06-21,58.7200012207031,85.75,2950.459961
2019-06-24,58.8699989318848,84.5,2945.350098
2019-06-25,58.8400001525879,82.620002746582,2917.379883
2019-06-26,58,82.5500030517578,2913.780029
2019-06-27,58.1100006103516,83.6600036621094,2924.919922
2019-06-28,58.0699996948242,83.9499969482422,2941.76001
2019-07-01,58.4199981689453,85.4100036621094,2964.330078
2019-07-02,58.9300003051758,84.9599990844727,2973.01001
2019-07-03,59.6599998474121,86.1999969482422,2995.820068
2019-07-05,59.4000015258789,86.8199996948242,2990.409912
2019-07-08,59.4799995422363,88.4800033569336,2975.949951
2019-07-09,59.1300010681152,88.0400009155273,2979.629883
2019-07-10,59.5099983215332,87.4400024414063,2993.070068
2019-07-11,59.6599998474121,88.2900009155273,2999.909912
2019-07-12,59.8300018310547,89.120002746582,3013.77002
2019-07-15,59.9700012207031,89.4800033569336,3014.300049
2019-07-16,59.9900016784668,88.5999984741211,3004.040039
2019-07-17,59.9199981689453,87.5,2984.419922
2019-07-18,60.3199996948242,87.4400024414063,2995.110107
2019-07-19,59.939998626709,86.5500030517578,2976.610107
2019-07-22,59.5900001525879,85.9700012207031,2985.030029
2019-07-23,60.0200004577637,86.6999969482422,3005.469971
2019-07-24,59.6199989318848,86.6999969482422,3019.560059
2019-07-25,59.7000007629395,87.2799987792969,3003.669922
2019-07-26,60.3699989318848,87.5400009155273,3025.860107
2019-07-29,60.4799995422363,87.620002746582,3020.969971
2019-07-30,60.6599998474121,87.1999969482422,3013.179932
2019-07-31,59.4300003051758,86.0299987792969,2980.379883
2019-08-01,59.2200012207031,83.120002746582,2953.560059
2019-08-02,59.2299995422363,81.1399993896484,2932.050049
2019-08-05,57.689998626709,78.9700012207031,2844.73999
2019-08-06,58.2099990844727,81.3000030517578,2881.77002
2019-08-07,58.8899993896484,81.2799987792969,2883.97998
2019-08-08,59.6500015258789,83,2938.090088
2019-08-09,59.3199996948242,81.9800033569336,2918.649902
2019-08-12,58.9199981689453,81.6500015258789,2882.699951
2019-08-13,59.5900001525879,83.3199996948242,2926.320068
2019-08-14,58.6500015258789,81.0299987792969,2840.600098
2019-08-15,59.5299987792969,79.5100021362305,2847.600098
2019-08-16,60.2099990844727,80.2799987792969,2888.679932
2019-08-19,60.810001373291,81.129997253418,2923.649902
2019-08-20,60.1500015258789,80.5299987792969,2900.51001
2019-08-21,60.310001373291,82.7399978637695,2924.429932
2019-08-22,60.6300010681152,83.3099975585938,2922.949951
2019-08-23,59.6199989318848,80.4400024414063,2847.110107
2019-08-26,60.3600006103516,82.25,2878.379883
2019-08-27,60.189998626709,82.0299987792969,2869.159912
2019-08-28,60.7700004577637,83.4800033569336,2887.939941
2019-08-29,60.7999992370605,85.379997253418,2924.580078
2019-08-30,60.7200012207031,84.5,2926.459961
2019-09-03,61.0699996948242,84.6699981689453,2906.27002
2019-09-04,61.6199989318848,86.3499984741211,2937.780029
2019-09-05,61.2400016784668,88.4199981689453,2976
2019-09-06,61.439998626709,88.6900024414063,2978.709961
2019-09-09,61.2999992370605,88.6699981689453,2978.429932
2019-09-10,60.9199981689453,86.8300018310547,2979.389893
2019-09-11,61.1399993896484,86.75,3000.929932
2019-09-12,61.3899993896484,87.6699981689453,3009.570068
2019-09-13,61.0400009155273,87.3199996948242,3007.389893
2019-09-16,60.4500007629395,87.2699966430664,2997.959961
2019-09-17,60.7799987792969,87.5899963378906,3005.699951
2019-09-18,60.8800010681152,88.0800018310547,3006.72998
2019-09-19,60.8699989318848,87.6999969482422,3006.790039
2019-09-20,60.3199996948242,86.6800003051758,2992.070068
2019-09-23,60.560001373291,87.6900024414063,2991.780029
2019-09-24,60.810001373291,87.1800003051758,2966.600098
2019-09-25,60.8499984741211,90.8099975585938,2984.870117
2019-09-26,61.189998626709,92.1699981689453,2977.620117
2019-09-27,61.1199989318848,92.3099975585938,2961.790039
2019-09-30,61.4199981689453,93.9199981689453,2976.73999
2019-10-01,61.2599983215332,92.2799987792969,2940.25
2019-10-02,60.0299987792969,91.4899978637695,2887.610107
2019-10-03,60.4500007629395,92.2200012207031,2910.629883
2019-10-04,61.4000015258789,93.0699996948242,2952.01001
2019-10-07,60.9000015258789,93.1699981689453,2938.790039
2019-10-08,60.3199996948242,91.75,2893.060059
2019-10-09,60.7799987792969,92.5199966430664,2919.399902
2019-10-10,60.9000015258789,93,2938.129883
2019-10-11,60.8400001525879,93.879997253418,2970.27002
2019-10-14,60.5400009155273,94.879997253418,2966.149902
2019-10-15,60.2799987792969,94.7900009155273,2995.679932
2019-10-16,60.3400001525879,94.879997253418,2989.689941
2019-10-17,60.6199989318848,95.5599975585938,2997.949951
2019-10-18,60.7400016784668,96.0999984741211,2986.199951
2019-10-21,60.939998626709,96.2200012207031,3006.719971
2019-10-22,60.9599990844727,95.5999984741211,2995.98999
2019-10-23,61.2400016784668,92.3199996948242,3004.52002
2019-10-24,61.4500007629395,91.5,3010.290039
2019-10-25,61.0900001525879,90.9199981689453,3022.550049
2019-10-28,60.9700012207031,90.8499984741211,3039.419922
2019-10-29,60.9700012207031,89.2799987792969,3036.889893
2019-10-30,61.25,90.1900024414063,3046.77002
2019-10-31,61.1599998474121,89.5500030517578,3037.560059
2019-11-01,61.1500015258789,89.1800003051758,3066.909912
2019-11-04,60.560001373291,89.8600006103516,3078.27002
2019-11-05,60.7599983215332,89.879997253418,3074.620117
2019-11-06,61.0099983215332,89.4800033569336,3076.780029
2019-11-07,60.7999992370605,90.4000015258789,3085.179932
2019-11-08,60.7599983215332,89.8099975585938,3093.080078
2019-11-11,60.6699981689453,90.0500030517578,3087.01001
2019-11-12,60.8699989318848,89.5,3091.840088
2019-11-13,61.3300018310547,91.2900009155273,3094.040039
2019-11-14,61.310001373291,91.2699966430664,3096.629883
2019-11-15,61.3300018310547,93.0400009155273,3120.459961
2019-11-18,61.6500015258789,94.1800003051758,3122.030029
2019-11-19,61.5699996948242,93.6100006103516,3120.179932
2019-11-20,61.7099990844727,93.0500030517578,3108.459961
2019-11-21,61.4000015258789,92.1600036621094,3103.540039
2019-11-22,61.2999992370605,93.3399963378906,3110.290039
2019-11-25,61.3699989318848,92.9000015258789,3133.639893
2019-11-26,61.8699989318848,93.3300018310547,3140.52002
2019-11-27,62.0200004577637,94.1399993896484,3153.629883
2019-11-29,62,93.4899978637695,3140.97998
2019-12-02,62.1399993896484,93.5599975585938,3113.870117
2019-12-03,62.0400009155273,92.4599990844727,3093.199951
2019-12-04,62.4500007629395,93.7200012207031,3112.76001
2019-12-05,62.4300003051758,95.7900009155273,3117.429932
2019-12-06,62.6699981689453,97,3145.909912
2019-12-09,62.7200012207031,96.629997253418,3135.959961
2019-12-10,62.5200004577637,97.0100021362305,3132.52002
2019-12-11,62.6100006103516,97.1800003051758,3141.629883
2019-12-12,62.560001373291,97.7200012207031,3168.570068
2019-12-13,62.7799987792969,97.7699966430664,3168.800049
2019-12-16,63,98.8099975585938,3191.449951
2019-12-17,62.9000015258789,99.6500015258789,3192.52002
2019-12-18,62.7999992370605,100.569999694824,3191.139893
2019-12-19,63.1399993896484,101.150001525879,3205.370117
2019-12-20,63.0999984741211,99.9599990844727,3221.219971
2019-12-23,62.8300018310547,100.040000915527,3224.01001
2019-12-24,62.9099998474121,100.139999389648,3223.379883
2019-12-26,62.9700012207031,100.709999084473,3239.909912
2019-12-27,63.25,101.569999694824,3240.02002
2019-12-30,62.9199981689453,100.800003051758,3221.290039
2019-12-31,62.9799995422363,101.309997558594,3230.780029
2020-01-02,62.4799995422363,102.199996948242,3257.850098
2020-01-03,62.3800010681152,101.919998168945,3234.850098
2020-01-06,62.5099983215332,101.830001831055,3246.280029
2020-01-07,62.0299987792969,101.779998779297,3237.179932
2020-01-08,62.2599983215332,101.550003051758,3253.050049
2020-01-09,62.7000007629395,101.480003356934,3274.699951
2020-01-10,62.6599998474121,100.900001525879,3265.350098
2020-01-13,63.0699996948242,102.160003662109,3288.129883
2020-01-14,63.0900001525879,102.919998168945,3283.149902
2020-01-15,63.5400009155273,102.790000915527,3289.290039
2020-01-16,63.7099990844727,103.370002746582,3316.810059
2020-01-17,63.8199996948242,104.529998779297,3329.620117
2020-01-21,64.0400009155273,104.580001831055,3320.790039
2020-01-22,64.0899963378906,104.48999786377,3321.75
2020-01-23,64.0299987792969,103.019996643066,3325.540039
2020-01-24,63.5900001525879,102.029998779297,3295.469971
2020-01-27,63.3899993896484,100.23999786377,3243.629883
2020-01-28,63.4700012207031,100.410003662109,3276.23999
2020-01-29,63.1500015258789,99.8399963378906,3273.399902
2020-01-30,63.9000015258789,98.1900024414063,3283.659912
2020-01-31,63.1800003051758,96.3000030517578,3225.52002
2020-02-03,63.1800003051758,99.2699966430664,3248.919922
2020-02-04,63.560001373291,101.379997253418,3297.590088
2020-02-05,64.0699996948242,100.540000915527,3334.689941
2020-02-06,64.1800003051758,100.269996643066,3345.780029
2020-02-07,64.2600021362305,99.4400024414063,3327.709961
2020-02-10,64.5299987792969,100.019996643066,3352.090088
2020-02-11,64.2900009155273,100.019996643066,3357.75
2020-02-12,64.2600021362305,103,3379.449951
2020-02-13,64.6399993896484,103.370002746582,3373.939941
2020-02-14,64.7900009155273,103.540000915527,3380.159912
2020-02-18,64.5599975585938,102,3370.290039
2020-02-19,64.4899978637695,102.459999084473,3386.149902
2020-02-20,64.5400009155273,102.529998779297,3373.22998
2020-02-21,64.6500015258789,100.25,3337.75
2020-02-24,63.1599998474121,95.9100036621094,3225.889893
2020-02-25,62.0200004577637,92.9000015258789,3128.209961
2020-02-26,61.6699981689453,92,3116.389893
2020-02-27,59.1599998474121,88.5500030517578,2978.76001
2020-02-28,57.9900016784668,89.379997253418,2954.219971
2020-03-02,61.0900001525879,92.6800003051758,3090.22998
2020-03-03,60.2599983215332,90.9300003051758,3003.370117
2020-03-04,63.2200012207031,93.7900009155273,3130.120117
2020-03-05,62.0299987792969,90.5800018310547,3023.939941
2020-03-06,61.5400009155273,88.3600006103516,2972.370117
2020-03-09,58.8600006103516,84.1100006103516,2746.560059
2020-03-10,60.5499992370605,88.3000030517578,2882.22998
2020-03-11,57.5800018310547,84,2741.379883
2020-03-12,52.1699981689453,74.1999969482422,2480.639893
2020-03-13,56.6100006103516,75.5800018310547,2711.02002
2020-03-16,52.7700004577637,66.7900009155273,2386.129883
2020-03-17,57.2200012207031,69.8399963378906,2529.189941
2020-03-18,55.75,68.0400009155273,2398.100098
2020-03-19,53.8899993896484,70.3399963378906,2409.389893
2020-03-20,50.4000015258789,67.4499969482422,2304.919922
2020-03-23,48.6300010681152,62.7999992370605,2237.399902
2020-03-24,51.1100006103516,72.3300018310547,2447.330078
2020-03-25,50.9700012207031,79.0100021362305,2475.560059
2020-03-26,53.7599983215332,84.3000030517578,2630.070068
2020-03-27,53.5099983215332,83.2300033569336,2541.469971
2020-03-30,55.5999984741211,85.379997253418,2626.649902
2020-03-31,54.4700012207031,82.7399978637695,2584.590088
2020-04-01,53.5499992370605,79.2300033569336,2470.5
2020-04-02,54.9199981689453,80.1399993896484,2526.899902
2020-04-03,55.3499984741211,78.8600006103516,2488.649902
2020-04-06,57.4099998474121,84.629997253418,2663.679932
2020-04-07,56.75,84.1600036621094,2659.409912
2020-04-08,57.5900001525879,85.3000030517578,2749.97998
2020-04-09,58.1300010681152,86.7900009155273,2789.820068
2020-04-13,57.7000007629395,84.4599990844727,2761.629883
2020-04-14,60.1500015258789,87.4700012207031,2846.060059
2020-04-15,59.2000007629395,85.0400009155273,2783.360107
2020-04-16,59.5900001525879,86.3000030517578,2799.550049
2020-04-17,60.5,89.9100036621094,2874.560059
2020-04-20,59.310001373291,87.9000015258789,2823.159912
2020-04-21,58.0499992370605,85.1999969482422,2736.560059
2020-04-22,58.6100006103516,88.7699966430664,2799.310059
2020-04-23,58.0900001525879,87.3499984741211,2797.800049
2020-04-24,58.7099990844727,88.370002746582,2836.73999
2020-04-27,58.8800010681152,89.370002746582,2878.47998
2020-04-28,59.2099990844727,88.8000030517578,2863.389893
2020-04-29,58.9599990844727,88.0699996948242,2939.51001
2020-04-30,58.2599983215332,87.1800003051758,2912.429932
2020-05-01,57.6199989318848,85.5400009155273,2830.709961
2020-05-04,57.5900001525879,85.75,2842.73999
2020-05-05,57.6399993896484,87.1999969482422,2868.439941
2020-05-06,57.0099983215332,88.4400024414063,2848.419922
2020-05-07,56.8499984741211,88.5599975585938,2881.189941
2020-05-08,58.1199989318848,90.4599990844727,2929.800049
2020-05-11,58.0400009155273,90.9300003051758,2930.189941
2020-05-12,57.5499992370605,88.2600021362305,2870.120117
2020-05-13,57.0299987792969,86.0199966430664,2820
2020-05-14,56.8899993896484,86.5500030517578,2852.5
2020-05-15,57.3899993896484,86.9899978637695,2863.699951
2020-05-18,58.2999992370605,91.0400009155273,2953.909912
2020-05-19,57.2299995422363,91.5100021362305,2922.939941
2020-05-20,57.9099998474121,92.9499969482422,2971.610107
2020-05-21,57.2700004577637,94.2600021362305,2948.51001
2020-05-22,57.4700012207031,93.75,2955.449951
2020-05-26,57.7799987792969,96.620002746582,2991.77002
2020-05-27,58.6500015258789,99.870002746582,3036.129883
2020-05-28,59.1699981689453,98.4599990844727,3029.72998
2020-05-29,59.2299995422363,98.5800018310547,3044.310059
2020-06-01,59.6399993896484,99.5400009155273,3055.72998
2020-06-02,59.7999992370605,100.73999786377,3080.820068
2020-06-03,59.8800010681152,104.110000610352,3122.870117
2020-06-04,59.5900001525879,101.279998779297,3112.350098
2020-06-05,60.4199981689453,102.709999084473,3193.929932
2020-06-08,61.0699996948242,104.290000915527,3232.389893
2020-06-09,60.5699996948242,102.629997253418,3207.179932
2020-06-10,60.4000015258789,102.120002746582,3190.139893
2020-06-11,58.1100006103516,95.1699981689453,3002.100098
2020-06-12,58.1199989318848,96.4300003051758,3041.310059
2020-06-15,58.7900009155273,97.8399963378906,3066.590088
2020-06-16,59.7099990844727,99.0400009155273,3124.73999
2020-06-17,59.6199989318848,99.2099990844727,3113.48999
2020-06-18,59.9300003051758,98.4499969482422,3115.340088
2020-06-19,59.6199989318848,95.7799987792969,3097.73999
2020-06-22,58.9900016784668,99.5100021362305,3117.860107
2020-06-23,58.9000015258789,101.919998168945,3131.290039
2020-06-24,57.9099998474121,100.080001831055,3050.330078
2020-06-25,58.3199996948242,101.400001525879,3083.76001
2020-06-26,57.1300010681152,93.6699981689453,3009.050049
2020-06-29,58.2099990844727,95.870002746582,3053.23999
2020-06-30,58.6399993896484,98.0500030517578,3100.290039
2020-07-01,58.689998626709,97.4000015258789,3115.860107
2020-07-02,58.9900016784668,98.4300003051758,3130.01001
2020-07-06,59.2799987792969,99.9499969482422,3179.719971
2020-07-07,59.8199996948242,97.0699996948242,3145.320068
2020-07-08,59.6699981689453,98.8399963378906,3169.939941
2020-07-09,59.2000007629395,96.9899978637695,3152.050049
2020-07-10,60.2900009155273,97.9899978637695,3185.040039
2020-07-13,60.2000007629395,96.4599990844727,3155.219971
2020-07-14,61.0800018310547,96.7600021362305,3197.52002
2020-07-15,61.1300010681152,98.5400009155273,3226.560059
2020-07-16,61.2599983215332,97.2600021362305,3215.570068
2020-07-17,61.5900001525879,96.2799987792969,3224.72998
2020-07-20,60.9700012207031,95.6500015258789,3251.840088
2020-07-21,61.5,98.3600006103516,3257.300049
2020-07-22,61.9900016784668,98.9100036621094,3276.02002
2020-07-23,62.2099990844727,98.3000030517578,3235.659912
2020-07-24,62.1300010681152,98.4300003051758,3215.629883
2020-07-27,62.439998626709,97.2099990844727,3239.409912
2020-07-28,62.6699981689453,96.2699966430664,3218.439941
2020-07-29,62.7599983215332,96.9700012207031,3258.439941
2020-07-30,62.7599983215332,96.8199996948242,3246.219971
2020-07-31,62.7000007629395,97.6100006103516,3271.120117
2020-08-03,62.5299987792969,98.3300018310547,3294.610107
2020-08-04,63.310001373291,97.3300018310547,3306.51001
2020-08-05,63.1800003051758,100.940002441406,3327.77002
2020-08-06,63.1699981689453,100.449996948242,3349.159912
2020-08-07,63.5099983215332,101.860000610352,3351.280029
2020-08-10,63.8400001525879,105.410003662109,3360.469971
2020-08-11,63.4000015258789,105.120002746582,3333.689941
2020-08-12,64.2200012207031,105.220001220703,3380.350098
2020-08-13,64.1699981689453,106.519996643066,3373.429932
2020-08-14,64.1600036621094,106.430000305176,3372.850098
2020-08-17,64.5199966430664,105.660003662109,3381.98999
2020-08-18,64.7799987792969,106.970001220703,3389.780029
2020-08-19,64.2699966430664,108.389999389648,3374.850098
2020-08-20,64.1399993896484,108.01000213623,3385.51001
2020-08-21,64.3000030517578,109.75,3397.159912
2020-08-24,64.8499984741211,111.830001831055,3431.280029
2020-08-25,64.7099990844727,111.51000213623,3443.620117
2020-08-26,64.7900009155273,111.529998779297,3478.72998
2020-08-27,65.1900024414063,110.839996337891,3484.550049
2020-08-28,65.7699966430664,112.290000915527,3508.01001
2020-08-31,65.5800018310547,111.889999389648,3500.310059
2020-09-01,65.6500015258789,114.839996337891,3526.649902
2020-09-02,66.8399963378906,116.800003051758,3580.840088
2020-09-03,65.6900024414063,112.849998474121,3455.060059
2020-09-04,65.5400009155273,112.400001525879,3426.959961
2020-09-08,64.1600036621094,112.720001220703,3331.840088
2020-09-09,65.0899963378906,114.900001525879,3398.959961
2020-09-10,64.2900009155273,114.790000915527,3339.189941
2020-09-11,64.6500015258789,118,3340.969971
2020-09-14,65.0699996948242,119.279998779297,3383.540039
2020-09-15,64.9800033569336,119.269996643066,3401.199951
2020-09-16,64.6900024414063,118.589996337891,3385.48999
2020-09-17,64.2799987792969,116.360000610352,3357.01001
2020-09-18,63.689998626709,114.660003662109,3319.469971
2020-09-21,62.8300018310547,113.370002746582,3281.060059
2020-09-22,63.2000007629395,116.870002746582,3315.570068
2020-09-23,62.25,127.110000610352,3236.919922
2020-09-24,62.7099990844727,124.75,3246.590088
2020-09-25,63.0400009155273,124.230003356934,3298.459961
2020-09-28,63.75,124.319999694824,3351.600098
2020-09-29,63.3300018310547,126.349998474121,3335.469971
2020-09-30,64.0999984741211,125.540000915527,3363
2020-10-01,64.4599990844727,126.639999389648,3380.800049
2020-10-02,64.0999984741211,126.639999389648,3348.419922
2020-10-05,64.5299987792969,127.910003662109,3408.600098
2020-10-06,64.1100006103516,127.650001525879,3360.969971
2020-10-07,64.8000030517578,130.059997558594,3419.439941
2020-10-08,65.2300033569336,129.710006713867,3446.830078
2020-10-09,65.7399978637695,130.979995727539,3477.139893
2020-10-12,66.5,129.460006713867,3534.219971
2020-10-13,66.4499969482422,129.199996948242,3511.929932
2020-10-14,66.1100006103516,127.660003662109,3488.669922
2020-10-15,66.1500015258789,129,3483.340088
2020-10-16,66.1699981689453,128,3483.810059
2020-10-19,65.3099975585938,127.430000305176,3426.919922
2020-10-20,65.2399978637695,128.490005493164,3443.120117
2020-10-21,65.3000030517578,129.429992675781,3435.560059
2020-10-22,65.2699966430664,130.020004272461,3453.48999
2020-10-23,65.3899993896484,129.990005493164,3465.389893
2020-10-26,64.5500030517578,128.369995117188,3400.969971
2020-10-27,64.379997253418,127.98999786377,3390.679932
2020-10-28,62.5,122.080001831055,3271.030029
2020-10-29,62.4799995422363,122.860000610352,3310.110107
2020-10-30,62.2599983215332,120.080001831055,3269.959961
2020-11-02,63.25,122.389999389648,3310.23999
2020-11-03,64.2900009155273,124.589996337891,3369.159912
2020-11-04,64.3199996948242,127.339996337891,3443.439941
2020-11-05,64.7900009155273,129.699996948242,3510.449951
2020-11-06,65.0899963378906,128.899993896484,3509.439941
2020-11-09,64.9400024414063,128.949996948242,3550.5
2020-11-10,66.2200012207031,127.709999084473,3545.530029
2020-11-11,66.7900009155273,127.660003662109,3572.659912
2020-11-12,66.6100006103516,126.639999389648,3537.01001
2020-11-13,67.5299987792969,128.279998779297,3585.149902
2020-11-16,68.1500015258789,130.110000610352,3626.909912
2020-11-17,67.6699981689453,132.210006713867,3609.530029
2020-11-18,66.7399978637695,131.630004882813,3567.790039
2020-11-19,66.9199981689453,131.910003662109,3581.870117
2020-11-20,66.5,132.979995727539,3557.540039
2020-11-23,66.5199966430664,134.130004882813,3577.590088
2020-11-24,66.9700012207031,134.699996948242,3635.409912
2020-11-25,66.9300003051758,135.539993286133,3629.649902
2020-11-27,66.9199981689453,134.25,3638.350098
2020-11-30,66.9100036621094,134.699996948242,3621.629883
2020-12-01,67.5,135.440002441406,3662.449951
2020-12-02,66.9400024414063,135.580001831055,3669.01001
2020-12-03,67.1100006103516,136.960006713867,3666.719971
2020-12-04,67.629997253418,137.190002441406,3699.120117
2020-12-07,67.370002746582,138.75,3691.959961
2020-12-08,67.7399978637695,139.119995117188,3702.25
2020-12-09,67.4700012207031,138.789993286133,3672.820068
2020-12-10,67.1699981689453,137.580001831055,3668.100098
2020-12-11,67.3199996948242,137.410003662109,3663.459961
2020-12-14,67.0599975585938,136.279998779297,3647.48999
2020-12-15,67.2200012207031,139.389999389648,3694.620117
2020-12-16,67.3499984741211,138.339996337891,3701.169922
2020-12-17,67.7799987792969,140.5,3722.47998
2020-12-18,67.9300003051758,137.279998779297,3709.409912
2020-12-21,66.6399993896484,144.020004272461,3694.919922
2020-12-22,66.1699981689453,142.449996948242,3687.26001
2020-12-23,66.3899993896484,141.759994506836,3690.01001
2020-12-24,66.7200012207031,141.600006103516,3703.060059
2020-12-28,67.25,142.429992675781,3735.360107
2020-12-29,67.0500030517578,141.570007324219,3727.040039
2020-12-30,66.9800033569336,141.580001831055,3732.040039
2020-12-31,67.4499969482422,141.470001220703,3756.070068
2021-01-04,66.7200012207031,140.100006103516,3700.649902
2021-01-05,66.7200012207031,141.229995727539,3726.860107
2021-01-06,66.7699966430664,142.350006103516,3748.139893
2021-01-07,66.5699996948242,144.949996948242,3803.790039
2021-01-08,66.9000015258789,146.350006103516,3824.679932
2021-01-11,66.3300018310547,147.050003051758,3799.610107
2021-01-12,66.1100006103516,145.050003051758,3801.189941
2021-01-13,66.2099990844727,143.039993286133,3809.840088
2021-01-14,65.8600006103516,141.300003051758,3795.540039
2021-01-15,65.629997253418,140.720001220703,3768.25
2021-01-19,65.3399963378906,139.270004272461,3798.909912
2021-01-20,65.4599990844727,142.800003051758,3851.850098
2021-01-21,65.2399978637695,141.610000610352,3853.070068
2021-01-22,65.0699996948242,139.350006103516,3841.469971
2021-01-25,65.7200012207031,137.550003051758,3855.360107
2021-01-26,66.3099975585938,135.100006103516,3849.620117
2021-01-27,65.1900024414063,131.020004272461,3750.77002
2021-01-28,65.4400024414063,134.720001220703,3787.379883
2021-01-29,64.0899963378906,133.589996337891,3714.23999
2021-02-01,64.1500015258789,135.710006713867,3773.860107
2021-02-02,64.5800018310547,139.589996337891,3826.310059
2021-02-03,64.6800003051758,138.630004882813,3830.169922
2021-02-04,65.1500015258789,140.630004882813,3871.73999
2021-02-05,65.7600021362305,145.110000610352,3886.830078
2021-02-08,66.0100021362305,143.410003662109,3915.590088
2021-02-09,65.9499969482422,141.789993286133,3911.22998
2021-02-10,65.879997253418,142.460006713867,3909.879883
2021-02-11,65.5899963378906,143.539993286133,3916.379883
2021-02-12,65.6900024414063,142.119995117188,3934.830078
2021-02-16,65.5699996948242,141.710006713867,3932.590088
2021-02-17,65.8099975585938,143.990005493164,3931.330078
2021-02-18,65.7699966430664,145.089996337891,3913.969971
2021-02-19,64.9400024414063,142.020004272461,3906.709961
2021-02-22,65,136.669998168945,3876.5
2021-02-23,65.0899963378906,136.130004882813,3881.370117
2021-02-24,65.0500030517578,135.649993896484,3925.429932
2021-02-25,64.3399963378906,135.539993286133,3829.340088
2021-02-26,63.2999992370605,134.779998779297,3811.149902
2021-03-01,63.939998626709,137.649993896484,3901.820068
2021-03-02,63.8300018310547,137.020004272461,3870.290039
2021-03-03,63.5299987792969,134.259994506836,3819.719971
2021-03-04,63.2999992370605,132.039993286133,3768.469971
2021-03-05,64.6999969482422,133.350006103516,3841.939941
2021-03-08,64.9800033569336,134.559997558594,3821.350098
2021-03-09,64.9199981689453,135.949996948242,3875.439941
2021-03-10,65.7699966430664,137.589996337891,3898.810059
2021-03-11,65.6100006103516,141.190002441406,3939.340088
2021-03-12,66.1500015258789,140.449996948242,3943.340088
2021-03-15,66.4400024414063,144.940002441406,3968.939941
2021-03-16,66.5199966430664,144.649993896484,3962.709961
2021-03-17,66.4199981689453,144.820007324219,3974.120117
2021-03-18,66.1500015258789,143.169998168945,3915.459961
2021-03-19,66.379997253418,137.490005493164,3913.100098
2021-03-22,66.7200012207031,138.270004272461,3940.590088
2021-03-23,67,137.119995117188,3910.52002
2021-03-24,66.7399978637695,133.160003662109,3889.139893
2021-03-25,67.3899993896484,128.639999389648,3909.52002
2021-03-26,68.5800018310547,132.990005493164,3974.540039
2021-03-29,69.2699966430664,133.490005493164,3971.090088
2021-03-30,68.5299987792969,132.949996948242,3958.550049
2021-03-31,68.3099975585938,132.889999389648,3972.889893
2021-04-01,67.9800033569336,132.529998779297,4019.870117
2021-04-05,68.8499984741211,135.119995117188,4077.909912
2021-04-06,69.1399993896484,137.160003662109,4073.939941
2021-04-07,68.9700012207031,136.539993286133,4079.949951
2021-04-08,69.0400009155273,133.679992675781,4097.169922
2021-04-09,68.9199981689453,135.449996948242,4128.799805
2021-04-12,69.2900009155273,136.639999389648,4127.990234
2021-04-13,68.9199981689453,133.539993286133,4141.589844
2021-04-14,68.8600006103516,132.259994506836,4124.660156
2021-04-15,69.4100036621094,133.669998168945,4170.419922
2021-04-16,69.8099975585938,134.309997558594,4185.470215
2021-04-19,69.5400009155273,132.570007324219,4163.259766
2021-04-20,69.9199981689453,127.110000610352,4134.939941
2021-04-21,70.2699966430664,129.899993896484,4173.419922
2021-04-22,69.75,129.179992675781,4134.97998
2021-04-23,69.5699996948242,130.190002441406,4180.169922
2021-04-26,68.7900009155273,131.600006103516,4187.620117
2021-04-27,68.7399978637695,132.110000610352,4186.720215
2021-04-28,68.7900009155273,130.710006713867,4183.180176
2021-04-29,69.5199966430664,133.259994506836,4211.470215
2021-04-30,69.5800018310547,132.619995117188,4181.169922
2021-05-03,70.1500015258789,133.029998779297,4192.660156
2021-05-04,69.7900009155273,131.550003051758,4164.660156
2021-05-05,69.7399978637695,132.210006713867,4167.589844
2021-05-06,70.6399993896484,133.490005493164,4201.620117
2021-05-07,70.6399993896484,137.809997558594,4232.600098
2021-05-10,71.1800003051758,136.399993896484,4188.430176
2021-05-11,70.5599975585938,137.119995117188,4152.100098
2021-05-12,69.620002746582,133.389999389648,4063.040039
2021-05-13,70.5999984741211,133.610000610352,4112.5
2021-05-14,70.9100036621094,135.929992675781,4173.850098
2021-05-17,70.8099975585938,136.410003662109,4163.290039
2021-05-18,70.5899963378906,135.559997558594,4127.830078
2021-05-19,70.3600006103516,132.960006713867,4115.680176
2021-05-20,71.0100021362305,133.270004272461,4159.120117
2021-05-21,71.0199966430664,132.660003662109,4155.859863
2021-05-24,71.2300033569336,134.059997558594,4197.049805
2021-05-25,71.25,134.320007324219,4188.129883
2021-05-26,71.0999984741211,136.889999389648,4195.990234
2021-05-27,70.6600036621094,136.559997558594,4200.879883
2021-05-28,70.8099975585938,136.460006713867,4204.109863
2021-06-01,70.5699996948242,134.509994506836,4202.040039
2021-06-02,70.8300018310547,134.169998168945,4208.120117
2021-06-03,71.2699966430664,134.169998168945,4192.850098
2021-06-04,71.5199966430664,133.740005493164,4229.890137
2021-06-07,71.4000015258789,133.949996948242,4226.52002
2021-06-08,70.8000030517578,133.350006103516,4227.259766
2021-06-09,70.4599990844727,131.839996337891,4219.549805
2021-06-10,70.9000015258789,130.979995727539,4239.180176
2021-06-11,70.9400024414063,131.940002441406,4247.439941
2021-06-14,70.9000015258789,131.360000610352,4255.149902
2021-06-15,70.7300033569336,130.289993286133,4246.589844
2021-06-16,69.7900009155273,130.399993896484,4223.700195
2021-06-17,70.0400009155273,128.919998168945,4221.859863
2021-06-18,68.8000030517578,128.410003662109,4166.450195
2021-06-21,69.1399993896484,130.080001831055,4224.790039
2021-06-22,69.2399978637695,132.479995727539,4246.439941
2021-06-23,68.8099975585938,133.100006103516,4241.839844
2021-06-24,69.1500015258789,133.600006103516,4266.490234
2021-06-25,69.6800003051758,154.350006103516,4280.700195
2021-06-28,69.7399978637695,152.360000610352,4290.609863
2021-06-29,69.4300003051758,155.949996948242,4291.799805
2021-06-30,69.9700012207031,154.490005493164,4297.5
2021-07-01,69.7600021362305,158,4319.939941
2021-07-02,69.9300003051758,159.740005493164,4352.339844
2021-07-06,69.6399993896484,160.110000610352,4343.540039
2021-07-07,70.0100021362305,160.160003662109,4358.129883
2021-07-08,69.75,160.630004882813,4320.819824
2021-07-09,70.1500015258789,161,4369.549805
2021-07-12,70.0400009155273,161.820007324219,4384.629883
2021-07-13,70.0199966430664,161.589996337891,4369.209961
2021-07-14,70.6399993896484,161.539993286133,4374.299805
2021-07-15,70.9300003051758,161.690002441406,4360.029785
2021-07-16,71.0400009155273,159.850006103516,4327.160156
2021-07-19,70.8300018310547,157.869995117188,4258.490234
2021-07-20,70.8499984741211,159.740005493164,4323.060059
2021-07-21,70.6699981689453,161.080001831055,4358.689941
2021-07-22,70.5500030517578,163.679992675781,4367.47998
2021-07-23,71.4000015258789,166.360000610352,4411.790039
2021-07-26,71.5199966430664,165.089996337891,4422.299805
2021-07-27,71.6699981689453,164.570007324219,4401.459961
2021-07-28,71.0400009155273,165.460006713867,4400.640137
2021-07-29,71.3899993896484,166.990005493164,4419.149902
2021-07-30,71.5100021362305,167.509994506836,4395.259766
2021-08-02,71.2099990844727,168.75,4387.160156
2021-08-03,71.5299987792969,171.229995727539,4423.149902
2021-08-04,70.5999984741211,171.910003662109,4402.660156
2021-08-05,70.9400024414063,173.850006103516,4429.100098
2021-08-06,70.9400024414063,172.800003051758,4436.52002
2021-08-09,71.1999969482422,171.770004272461,4432.350098
2021-08-10,71.7099990844727,172.270004272461,4436.75
2021-08-11,71.9499969482422,171.270004272461,4442.410156
2021-08-12,71.9100036621094,170.639999389648,4460.830078
2021-08-13,72.5100021362305,171.690002441406,4468
2021-08-16,72.9300003051758,172.360000610352,4479.709961
2021-08-17,72.9700012207031,170.660003662109,4448.080078
2021-08-18,72.0599975585938,168.809997558594,4400.27002
2021-08-19,72.6399993896484,165.589996337891,4405.799805
2021-08-20,72.7600021362305,167.789993286133,4441.669922
2021-08-23,72.5299987792969,169.720001220703,4479.529785
2021-08-24,71.9800033569336,169.979995727539,4486.22998
2021-08-25,71.8600006103516,169.839996337891,4496.189941
2021-08-26,71.5299987792969,166.919998168945,4470
2021-08-27,71.7799987792969,167.580001831055,4509.370117
2021-08-30,72.0999984741211,168.029998779297,4528.790039
2021-08-31,72.2600021362305,164.740005493164,4522.680176
2021-09-01,72.6399993896484,164.559997558594,4524.089844
2021-09-02,72.9199981689453,163.669998168945,4536.950195
2021-09-03,72.8300018310547,163.289993286133,4535.430176
2021-09-07,71.9899978637695,162.639999389648,4520.029785
2021-09-08,72.6100006103516,160.710006713867,4514.069824
2021-09-09,72.1900024414063,163.339996337891,4493.279785
2021-09-10,71.879997253418,163.589996337891,4458.580078
2021-09-13,72.0599975585938,159.520004272461,4468.72998
2021-09-14,71.7300033569336,158.759994506836,4443.049805
2021-09-15,71.9899978637695,157.910003662109,4480.700195
2021-09-16,71.75,157.600006103516,4473.75
2021-09-17,71.3600006103516,156.419998168945,4432.990234
2021-09-20,70.2099990844727,154.25,4357.72998
2021-09-21,70.129997253418,155.020004272461,4354.189941
2021-09-22,70.3300018310547,157.440002441406,4395.640137
2021-09-23,70.5899963378906,159.580001831055,4448.97998
2021-09-24,70.620002746582,149.589996337891,4455.47998
2021-09-27,70.3000030517578,148.039993286133,4443.109863
2021-09-28,69.4700012207031,145.300003051758,4352.629883
2021-09-29,70.0999984741211,146.020004272461,4359.459961
2021-09-30,68.8399963378906,145.229995727539,4307.540039
2021-10-01,69.0199966430664,147.059997558594,4357.040039
2021-10-04,68.8000030517578,147.139999389648,4300.459961
2021-10-05,69.1500015258789,149.460006713867,4345.720215
2021-10-06,69.8199996948242,148.800003051758,4363.549805
2021-10-07,70.129997253418,151.850006103516,4399.759766
2021-10-08,70.0500030517578,152.479995727539,4391.339844
2021-10-11,70.0299987792969,150.279998779297,4361.189941
2021-10-12,70.0599975585938,153.350006103516,4350.649902
2021-10-13,70.1900024414063,156.300003051758,4363.799805
2021-10-14,70.9800033569336,157.139999389648,4438.259766
2021-10-15,70.8099975585938,158.009994506836,4471.370117
2021-10-18,70.3899993896484,159.429992675781,4486.459961
2021-10-19,70.4199981689453,157.820007324219,4519.629883
2021-10-20,70.8300018310547,158.449996948242,4536.189941
2021-10-21,70.7399978637695,162.179992675781,4549.779785
2021-10-22,71.2900009155273,163.479995727539,4544.899902
2021-10-25,71.2399978637695,164.220001220703,4566.47998
2021-10-26,71.4899978637695,163.789993286133,4574.790039
2021-10-27,71.0699996948242,162.350006103516,4551.680176
2021-10-28,71.3199996948242,164.460006713867,4596.419922
2021-10-29,71.25,167.289993286133,4605.379883
2021-11-01,71.3600006103516,166.330001831055,4613.669922
2021-11-02,71.8399963378906,167.830001831055,4630.649902
2021-11-03,72.5100021362305,172.5,4660.569824
2021-11-04,72.5800018310547,175.440002441406,4680.060059
2021-11-05,73,177.509994506836,4697.529785
2021-11-08,72.4199981689453,171.850006103516,4701.700195
2021-11-09,72.6699981689453,173.820007324219,4685.25
2021-11-10,72.8899993896484,168.259994506836,4646.709961
2021-11-11,72.8399963378906,166.970001220703,4649.27002
2021-11-12,72.8399963378906,169.089996337891,4682.850098
2021-11-15,73.1900024414063,168.850006103516,4682.799805
2021-11-16,72.7300033569336,171.830001831055,4700.899902
2021-11-17,72.5699996948242,171.740005493164,4688.669922
2021-11-18,72.3099975585938,171.350006103516,4704.540039
2021-11-19,72.0500030517578,174.880004882813,4697.959961
2021-11-22,72.620002746582,174.240005493164,4682.939941
2021-11-23,73.0999984741211,172.149993896484,4690.700195
2021-11-24,72.879997253418,172.029998779297,4701.459961
2021-11-26,71.9599990844727,168.020004272461,4594.620117
2021-11-29,72.1399993896484,169.869995117188,4655.27002
2021-11-30,70.2900009155273,169.240005493164,4567
2021-12-01,69.9499969482422,166.699996948242,4513.040039
2021-12-02,70.6900024414063,170,4577.100098
2021-12-03,71.5699996948242,170.240005493164,4538.430176
2021-12-06,72.8300018310547,168.910003662109,4591.669922
2021-12-07,72.9899978637695,171.289993286133,4686.75
2021-12-08,72.7600021362305,170.25,4701.209961
2021-12-09,72.9599990844727,168.100006103516,4667.450195
2021-12-10,74.1900024414063,169.059997558594,4712.02002
2021-12-13,75.1600036621094,166.839996337891,4668.970215
2021-12-14,75.2099990844727,165.399993896484,4634.089844
2021-12-15,75.9700012207031,163.899993896484,4709.850098
2021-12-16,76.5100021362305,162.720001220703,4668.669922
2021-12-17,75.1999969482422,161.360000610352,4620.640137
2021-12-20,74.7099990844727,156.979995727539,4568.02002
2021-12-21,74.6100006103516,166.630004882813,4649.22998
2021-12-22,75.0800018310547,165.440002441406,4696.560059
2021-12-23,75.25,165.669998168945,4725.790039
2021-12-27,76.0500030517578,167.580001831055,4791.189941
2021-12-28,76.4800033569336,166.419998168945,4786.350098
2021-12-29,76.8300018310547,168.779998779297,4793.060059
2021-12-30,76.5899963378906,167.490005493164,4778.72998
2021-12-31,77.1100006103516,166.669998168945,4766.180176
