date,opening,high,low,closing,adj_closing,volume
2019-01-02,72.7900009155273,74.6399993896484,72.1900024414063,74.0599975585938,71.7086029052734,6762700
2019-01-03,73.25,73.3199996948242,71.2099990844727,72.75,70.440185546875,8007400
2019-01-04,73.4499969482422,75.120002746582,73.120002746582,74.6500015258789,72.2798614501953,7844200
2019-01-07,74.7399978637695,76.3600006103516,74.3000030517578,75.7200012207031,73.3158950805664,8184800
2019-01-08,76.8300018310547,77.4000015258789,76.1999969482422,76.7300033569336,74.293830871582,8809000
2019-01-09,76.9700012207031,77.1500015258789,76.1399993896484,76.5899963378906,74.1582717895508,8591000
2019-01-10,75.6399993896484,77.3399963378906,75.4599990844727,76.4199981689453,73.9936676025391,11148600
2019-01-11,76.3399963378906,76.8899993896484,75.8000030517578,76.0400009155273,73.6257553100586,10689900
2019-01-14,75.4599990844727,76.8099975585938,75.4599990844727,76.0899963378906,73.6741561889648,5677400
2019-01-15,76.1900024414063,77.9800033569336,76.129997253418,77.879997253418,75.4073181152344,6212400
2019-01-16,78,78.8499984741211,77.5899963378906,77.6800003051758,75.2136764526367,5697100
2019-01-17,77.5400009155273,79.4000015258789,77.3099975585938,79.129997253418,76.6176300048828,7737300
2019-01-18,79.9499969482422,80.9700012207031,79.7399978637695,80.4499969482422,77.8957061767578,10404100
2019-01-22,80.3300018310547,81.3099975585938,80.1999969482422,80.75,78.1861953735352,8781700
2019-01-23,81.1900024414063,81.4000015258789,80.2200012207031,80.5,77.9441223144531,5823000
2019-01-24,80.5999984741211,80.870002746582,79.5500030517578,80.4400024414063,77.8860397338867,4753200
2019-01-25,81.25,81.3300018310547,80.4300003051758,80.6100006103516,78.0506362915039,4457100
2019-01-28,79.8000030517578,80.5100021362305,79.7399978637695,80.3199996948242,77.7698440551758,5452000
2019-01-29,80.3600006103516,80.8300018310547,79.8399963378906,80.2200012207031,77.6730194091797,4187500
2019-01-30,80.4000015258789,81.2900009155273,80.0599975585938,81.2799987792969,78.6993637084961,5200200
2019-01-31,81.1800003051758,81.9499969482422,80.7099990844727,81.879997253418,79.2803192138672,8599200
2019-02-01,81.8300018310547,81.9000015258789,81.129997253418,81.5100021362305,78.9220657348633,5351900
2019-02-04,81.2200012207031,82,80.8300018310547,81.9899978637695,79.3868103027344,4236600
2019-02-05,81.9800033569336,83.1900024414063,81.9300003051758,82.8600006103516,80.2292175292969,6545600
2019-02-06,82.5100021362305,82.7099990844727,81.6399993896484,82.7099990844727,80.0839691162109,3682800
2019-02-07,82.1500015258789,82.8499984741211,81.7099990844727,82.3899993896484,79.7741317749023,4827500
2019-02-08,82.25,82.7200012207031,81.9400024414063,82.3600006103516,79.7450790405273,3786500
2019-02-11,82.9499969482422,83.8300018310547,82.870002746582,83.6800003051758,81.0231781005859,6158500
2019-02-12,83.9700012207031,84.8399963378906,83.620002746582,84.7099990844727,82.0204620361328,6290300
2019-02-13,84.7600021362305,85.5899963378906,84.7600021362305,85.4000015258789,82.6885604858398,5032800
2019-02-14,84.6100006103516,85.1399993896484,83.6999969482422,84.6800003051758,81.9914169311523,5179000
2019-02-15,85.4899978637695,85.7799987792969,85.0999984741211,85.379997253418,82.6691741943359,6111300
2019-02-19,84.5800018310547,85.0500030517578,84.4599990844727,84.5699996948242,81.8849105834961,5105900
2019-02-20,84.629997253418,84.9499969482422,84.3499984741211,84.8399963378906,82.1463394165039,6436100
2019-02-21,83.5699996948242,84.1500015258789,83.3499984741211,83.9499969482422,81.2845764160156,8579200
2019-02-22,84.1999969482422,85.0199966430664,84.0299987792969,84.7600021362305,82.0688781738281,4449500
2019-02-25,85.3899993896484,85.7300033569336,84.9599990844727,85.1699981689453,82.4658508300781,6229700
2019-02-26,85.3099975585938,86.0800018310547,85.1999969482422,85.8000030517578,83.0758666992188,6678700
2019-02-27,85.5299987792969,86.2200012207031,85.0599975585938,86.1699981689453,83.4341125488281,4588200
2019-02-28,86.0800018310547,86.4000015258789,85.6800003051758,85.7300033569336,83.0080871582031,4988100
2019-03-01,86.9300003051758,87.9899978637695,86.2399978637695,87.1600036621094,84.6098098754883,6314900
2019-03-04,87.3199996948242,87.9899978637695,85.1100006103516,85.6399993896484,83.1342849731445,7339500
2019-03-05,85.879997253418,86.25,85.4400024414063,85.4400024414063,82.9401321411133,4976300
2019-03-06,85.5999984741211,85.9899978637695,85.0400009155273,85.129997253418,82.6392059326172,3198000
2019-03-07,84.9700012207031,85.4100036621094,84.6600036621094,85.2600021362305,82.7654037475586,4321800
2019-03-08,84.5800018310547,84.879997253418,84.0199966430664,84.8000030517578,82.3188629150391,4669700
2019-03-11,85.3899993896484,85.9400024414063,85.0500030517578,85.8199996948242,83.3090209960938,3999800
2019-03-12,85.7799987792969,86.0800018310547,85.0199966430664,85.4300003051758,82.9304122924805,4431600
2019-03-13,85.6999969482422,86.6600036621094,85.5999984741211,85.9300003051758,83.4157943725586,5037800
2019-03-14,86.1500015258789,86.879997253418,85.6999969482422,86.870002746582,84.3282928466797,5906100
2019-03-15,87.2200012207031,87.6100006103516,85.9599990844727,86.8000030517578,84.2603302001953,11031400
2019-03-18,87.3000030517578,87.8399963378906,87,87.8199996948242,85.2505111694336,7750700
2019-03-19,88.2200012207031,88.5899963378906,87.2900009155273,87.6900024414063,85.1243057250977,6642200
2019-03-20,87.5,87.5800018310547,86.0899963378906,86.6900024414063,84.1535568237305,5991500
2019-03-21,87.2399978637695,88.120002746582,86.8300018310547,88.0100021362305,85.434928894043,10386900
2019-03-22,85.1999969482422,85.9000015258789,82.1500015258789,82.1900024414063,79.7852325439453,21659800
2019-03-25,81.4800033569336,83.2200012207031,80.8899993896484,82.3300018310547,79.9211349487305,15558300
2019-03-26,83.629997253418,84.0899963378906,82.9100036621094,83.379997253418,80.9403915405273,9611900
2019-03-27,83.6900024414063,83.8000030517578,82.0400009155273,83.0899963378906,80.6588821411133,6485100
2019-03-28,83.9300003051758,84.7200012207031,83.6999969482422,84.0400009155273,81.5810928344727,6032700
2019-03-29,84.5999984741211,84.8499984741211,83.8600006103516,84.2099990844727,81.7461242675781,6492000
2019-04-01,85.0400009155273,85.3199996948242,84.6999969482422,85.2300033569336,82.7362747192383,6737400
2019-04-02,85,85.2600021362305,84.1600036621094,84.370002746582,81.9014434814453,4433800
2019-04-03,84.9000015258789,84.9899978637695,84.25,84.4700012207031,81.9985198974609,4080900
2019-04-04,84.4899978637695,85.379997253418,84.3600006103516,85.2799987792969,82.7848205566406,3660700
2019-04-05,86,86.1600036621094,85.0500030517578,85.4000015258789,82.9013061523438,7367400
2019-04-08,85.0100021362305,85.2900009155273,84.5699996948242,84.7300033569336,82.2509155273438,4705800
2019-04-09,84.2200012207031,84.5999984741211,83.9700012207031,84.2799987792969,81.8140640258789,3804500
2019-04-10,84.6399993896484,85.0100021362305,84.5599975585938,84.879997253418,82.3965072631836,3918400
2019-04-11,84.9000015258789,85.0500030517578,84.2799987792969,85,82.5129928588867,3347400
2019-04-12,85.3000030517578,86.4899978637695,85.2900009155273,86.2399978637695,83.7167205810547,6037000
2019-04-15,86.8899993896484,87.2399978637695,86.4400024414063,86.8300018310547,84.2894744873047,5034900
2019-04-16,87,87.9499969482422,87,87.8000030517578,85.2310791015625,4652700
2019-04-17,87.9499969482422,88.9700012207031,87.4499969482422,88.7300033569336,86.1338653564453,5694900
2019-04-18,88.7600021362305,90,88.6999969482422,89.1999969482422,86.5901260375977,7016600
2019-04-22,88.3499984741211,88.6399993896484,87.3000030517578,87.3600006103516,84.803955078125,5390500
2019-04-23,87.5699996948242,87.6699981689453,87.0100021362305,87.4300003051758,84.8719100952148,7513700
2019-04-24,87.6699981689453,88.8199996948242,87.4300003051758,88.3899993896484,85.8038177490234,8063000
2019-04-25,88.4000015258789,88.5400009155273,87.4899978637695,87.5599975585938,84.9981002807617,7069900
2019-04-26,87.9499969482422,88.9400024414063,87.3300018310547,88.3099975585938,85.7261657714844,6219600
2019-04-29,88.1800003051758,88.5100021362305,88.129997253418,88.2600021362305,85.6776275634766,5008400
2019-04-30,88.2900009155273,88.4000015258789,87.2600021362305,87.8300018310547,85.2602157592773,7614100
2019-05-01,87.7300033569336,87.9499969482422,85.870002746582,85.9000015258789,83.3866882324219,6524600
2019-05-02,86.2099990844727,86.2799987792969,84.9899978637695,85.2699966430664,82.7751083374023,6813700
2019-05-03,85.9000015258789,86.3000030517578,85.6999969482422,85.6999969482422,83.192512512207,6798300
2019-05-06,83.7699966430664,83.870002746582,82.8600006103516,83.5699996948242,81.1248474121094,12836600
2019-05-07,83.0199966430664,83.629997253418,81.8300018310547,82.5400009155273,80.1249923706055,9811300
2019-05-08,82.4300003051758,83.9899978637695,82.1399993896484,82.7699966430664,80.3482513427734,9501300
2019-05-09,82.2099990844727,83.0100021362305,81.5400009155273,82.9800033569336,80.5521087646484,6336600
2019-05-10,82.7799987792969,84.2699966430664,82.1900024414063,83.9499969482422,81.4937133789063,5450500
2019-05-13,81.6500015258789,82.629997253418,81.3199996948242,82.5299987792969,80.1152572631836,6445200
2019-05-14,82.7799987792969,84,82.0599975585938,83.6699981689453,81.221923828125,7529200
2019-05-15,83.1699981689453,84.4899978637695,82.9400024414063,84.0100021362305,81.5519790649414,4862200
2019-05-16,84.5100021362305,85.4000015258789,84.1999969482422,84.2799987792969,81.8140640258789,6745200
2019-05-17,83.5100021362305,85.5199966430664,83.5,84.5699996948242,82.095588684082,5068200
2019-05-20,83.8000030517578,83.8000030517578,82.7399978637695,82.8499984741211,80.4259033203125,7181900
2019-05-21,83.3600006103516,83.8000030517578,82.5100021362305,83.6399993896484,81.1928024291992,5762500
2019-05-22,82.9899978637695,83.3399963378906,82.7600021362305,83.1999969482422,80.7656707763672,5237800
2019-05-23,82.5,83.0599975585938,81.9899978637695,82.6399993896484,80.2220687866211,9704200
2019-05-24,82.1999969482422,83.1699981689453,82.0899963378906,82.1600036621094,79.756103515625,5999000
2019-05-28,82.8499984741211,83.1900024414063,81.129997253418,81.1999969482422,78.8241958618164,7927300
2019-05-29,80.7099990844727,80.8600006103516,77.6999969482422,78.870002746582,76.5623550415039,10116900
2019-05-30,78.9199981689453,79.7300033569336,78.6100006103516,79.2600021362305,76.9409484863281,6177800
2019-05-31,78,78.2600021362305,77.0699996948242,77.1399993896484,75.0914001464844,8891100
2019-06-03,77.2399978637695,78.5800018310547,77.0800018310547,77.9599990844727,75.8896331787109,11665500
2019-06-04,79.3000030517578,81.6500015258789,78.7799987792969,81.620002746582,79.4524459838867,7526800
2019-06-05,82.2900009155273,82.9000015258789,81.9300003051758,82.7200012207031,80.5232238769531,8173200
2019-06-06,82.7200012207031,83.0599975585938,82.0800018310547,82.4499969482422,80.2603759765625,4953000
2019-06-07,83.0899963378906,83.6800003051758,82.8099975585938,83.4100036621094,81.1948928833008,3891100
2019-06-10,83.75,84.1999969482422,82.4499969482422,82.5800018310547,80.3869323730469,4419800
2019-06-11,83.6500015258789,84.3399963378906,83.129997253418,83.2600021362305,81.0488891601563,3939400
2019-06-12,83.4800033569336,84.0199966430664,82.5199966430664,82.629997253418,80.4356002807617,4025900
2019-06-13,83.1500015258789,83.9199981689453,83.0500030517578,83.6100006103516,81.3895950317383,3383400
2019-06-14,83.5100021362305,83.8600006103516,83.0400009155273,83.4400024414063,81.2241058349609,4355600
2019-06-17,83.3399963378906,83.4599990844727,82.0100021362305,82.1100006103516,79.9294128417969,5101900
2019-06-18,82.6999969482422,84.6500015258789,82.5,84.3000030517578,82.0612716674805,6456500
2019-06-19,83.7300033569336,83.9000015258789,83.1399993896484,83.5500030517578,81.331184387207,6217700
2019-06-20,84.9000015258789,85.6699981689453,84.4199981689453,85.2399978637695,82.9762954711914,6163800
2019-06-21,85.1600036621094,85.75,84.5999984741211,85.75,83.4727554321289,9289800
2019-06-24,86,86.8499984741211,84.370002746582,84.5,82.2559356689453,8043300
2019-06-25,84.5999984741211,84.6900024414063,82.1600036621094,82.620002746582,80.4258651733398,7339900
2019-06-26,83.1500015258789,83.6900024414063,82.4400024414063,82.5500030517578,80.3577346801758,5838500
2019-06-27,82.9300003051758,83.7699966430664,82.9300003051758,83.6600036621094,81.4382553100586,11436700
2019-06-28,83.9899978637695,84.75,82.6699981689453,83.9499969482422,81.7205352783203,12443800
2019-07-01,84.9300003051758,86.2799987792969,84.9000015258789,85.4100036621094,83.1417846679688,6587300
2019-07-02,85.3600006103516,85.4700012207031,84.2200012207031,84.9599990844727,82.703727722168,7187200
2019-07-03,85.3300018310547,86.2900009155273,85.120002746582,86.1999969482422,83.9108200073242,4012800
2019-07-05,85.8000030517578,86.9100036621094,85.4199981689453,86.8199996948242,84.5143280029297,6440900
2019-07-08,86.0599975585938,88.5199966430664,85.9700012207031,88.4800033569336,86.1302642822266,7052000
2019-07-09,88.0999984741211,88.8000030517578,87.8199996948242,88.0400009155273,85.7019424438477,6219700
2019-07-10,88.4800033569336,88.9400024414063,87.3899993896484,87.4400024414063,85.1178894042969,5985500
2019-07-11,87.7099990844727,88.3000030517578,87.4000015258789,88.2900009155273,85.9452972412109,3942400
2019-07-12,88.1800003051758,89.3099975585938,88.0100021362305,89.120002746582,86.7532653808594,4240900
2019-07-15,89.0599975585938,89.870002746582,89.0599975585938,89.4800033569336,87.1036911010742,3750900
2019-07-16,89.5,89.7099990844727,88.5699996948242,88.5999984741211,86.2470703125,5812800
2019-07-17,88.4199981689453,88.6900024414063,87.4400024414063,87.5,85.1762771606445,4461500
2019-07-18,87.629997253418,87.7600021362305,86.7600021362305,87.4400024414063,85.1178894042969,4607000
2019-07-19,87.7300033569336,87.879997253418,86.4800033569336,86.5500030517578,84.2515106201172,6635300
2019-07-22,86.5599975585938,86.9899978637695,85.8300018310547,85.9700012207031,83.6869049072266,6810300
2019-07-23,86.6399993896484,87.0999984741211,86.2300033569336,86.6999969482422,84.3975143432617,5659900
2019-07-24,86.6500015258789,87.2099990844727,86.3099975585938,86.6999969482422,84.3975143432617,6362900
2019-07-25,86.8199996948242,87.5,86.5899963378906,87.2799987792969,84.9621200561523,4546400
2019-07-26,87.4400024414063,87.8399963378906,86.7699966430664,87.5400009155273,85.2152252197266,3707200
2019-07-29,87.6500015258789,87.870002746582,87.1800003051758,87.620002746582,85.2930908203125,4387300
2019-07-30,86.8199996948242,87.9100036621094,86.3600006103516,87.1999969482422,84.8842468261719,3561200
2019-07-31,87.0899963378906,87.2699966430664,85.5500030517578,86.0299987792969,83.7453155517578,5818200
2019-08-01,85.2600021362305,86.7699966430664,82.6999969482422,83.120002746582,80.9126052856445,7871800
2019-08-02,82.5299987792969,83.2399978637695,80.7900009155273,81.1399993896484,78.9851913452148,8761400
2019-08-05,79.6600036621094,80.0500030517578,78.1900024414063,78.9700012207031,76.8728179931641,8493300
2019-08-06,79.8499984741211,81.5899963378906,79.4899978637695,81.3000030517578,79.1409301757813,8664500
2019-08-07,80.5,81.8199996948242,80.0899963378906,81.2799987792969,79.121452331543,6275000
2019-08-08,81.8099975585938,83.3600006103516,81.6100006103516,83,80.795783996582,6208900
2019-08-09,83.1399993896484,83.4300003051758,81.3199996948242,81.9800033569336,79.8028717041016,5460200
2019-08-12,81.4100036621094,81.9499969482422,81.1800003051758,81.6500015258789,79.4816513061523,3762500
2019-08-13,81.1699981689453,84.1500015258789,80.8499984741211,83.3199996948242,81.1072998046875,6896800
2019-08-14,81.2399978637695,81.6900024414063,80.5100021362305,81.0299987792969,78.8780899047852,7266100
2019-08-15,80.9300003051758,81.3000030517578,79.4400024414063,79.5100021362305,77.3984756469727,6713600
2019-08-16,80.0899963378906,80.5599975585938,79.25,80.2799987792969,78.1480178833008,5649000
2019-08-19,82,82.3399963378906,80.8300018310547,81.129997253418,78.9754486083984,7027900
2019-08-20,80.7200012207031,81.2300033569336,79.4499969482422,80.5299987792969,78.3913803100586,5903100
2019-08-21,81.9400024414063,82.8399963378906,81.629997253418,82.7399978637695,80.5426864624023,6454200
2019-08-22,83,83.7200012207031,82.5,83.3099975585938,81.0975494384766,5571600
2019-08-23,82.0199966430664,82.7600021362305,80.0299987792969,80.4400024414063,78.3037719726563,8497800
2019-08-26,81.4400024414063,82.2799987792969,80.7399978637695,82.25,80.0656967163086,4336000
2019-08-27,82.629997253418,83.1800003051758,82,82.0299987792969,79.8515319824219,3842500
2019-08-28,81.9000015258789,83.5899963378906,81.7200012207031,83.4800033569336,81.2630462646484,4123700
2019-08-29,84.2200012207031,85.7699966430664,84.1699981689453,85.379997253418,83.1125793457031,5101900
2019-08-30,85.6999969482422,85.9899978637695,84.4100036621094,84.5,82.4684371948242,5235400
2019-09-03,84,84.8300018310547,83.620002746582,84.6699981689453,82.6343612670898,6360800
2019-09-04,85.5800018310547,86.5,85.5,86.3499984741211,84.2739639282227,4151200
2019-09-05,87.2799987792969,88.620002746582,87.2799987792969,88.4199981689453,86.2941970825195,6328400
2019-09-06,88.4000015258789,88.9800033569336,88.0199966430664,88.6900024414063,86.5577163696289,3625300
2019-09-09,88.9400024414063,89.3499984741211,88.4199981689453,88.6699981689453,86.5381774902344,4282400
2019-09-10,88.2600021362305,88.629997253418,86.2900009155273,86.8300018310547,84.7424392700195,7072400
2019-09-11,86.9599990844727,87.25,85.870002746582,86.75,84.6643600463867,4623300
2019-09-12,87.0999984741211,88.0699996948242,86.2200012207031,87.6699981689453,85.5622329711914,4057500
2019-09-13,88.25,88.7900009155273,87.3000030517578,87.3199996948242,85.2206420898438,5894700
2019-09-16,87.0899963378906,87.8199996948242,86.6699981689453,87.2699966430664,85.1718444824219,4171700
2019-09-17,86.7699966430664,87.6399993896484,86.4700012207031,87.5899963378906,85.4841613769531,3248400
2019-09-18,87.6500015258789,88.4000015258789,87.2099990844727,88.0800018310547,85.9623718261719,4722200
2019-09-19,88.4000015258789,88.7200012207031,87.5100021362305,87.6999969482422,85.5915145874023,4231200
2019-09-20,88,88.4899978637695,86.6699981689453,86.6800003051758,84.5960311889648,6991100
2019-09-23,86.9800033569336,88.0199966430664,86.8000030517578,87.6900024414063,85.5817565917969,4790000
2019-09-24,88.4499969482422,88.6900024414063,86.7600021362305,87.1800003051758,85.0840148925781,10202900
2019-09-25,91.7799987792969,92.7900009155273,90.1500015258789,90.8099975585938,88.6267395019531,25330700
2019-09-26,91.620002746582,92.4499969482422,90.25,92.1699981689453,89.9540405273438,10408300
2019-09-27,91.8499984741211,92.8600006103516,91.5999984741211,92.3099975585938,90.0906677246094,6420500
2019-09-30,92.5299987792969,94.0800018310547,92.5,93.9199981689453,91.6619720458984,7401200
2019-10-01,94.129997253418,94.75,92.0599975585938,92.2799987792969,90.0613861083984,8464900
2019-10-02,91.4700012207031,91.8399963378906,90.5699996948242,91.4899978637695,89.2903900146484,6933900
2019-10-03,91.3099975585938,92.3199996948242,90.3499984741211,92.2200012207031,90.0028381347656,5762300
2019-10-04,92.2200012207031,93.1699981689453,91.9300003051758,93.0699996948242,90.8324127197266,4551400
2019-10-07,92.5,93.9199981689453,92.4000015258789,93.1699981689453,90.9300231933594,4975400
2019-10-08,90.4499969482422,92.7099990844727,90.4100036621094,91.75,89.5441513061523,6916800
2019-10-09,92.4100036621094,93.0500030517578,91.8199996948242,92.5199966430664,90.2956314086914,5115900
2019-10-10,93.5,93.5,92.7200012207031,93,90.7640991210938,5794100
2019-10-11,94,94.5699996948242,93.5599975585938,93.879997253418,91.622932434082,6220100
2019-10-14,94.1999969482422,95.25,94.0500030517578,94.879997253418,92.5988922119141,4636000
2019-10-15,95,95.1800003051758,94.120002746582,94.7900009155273,92.5110473632813,4292500
2019-10-16,94.0899963378906,95.1399993896484,94.0699996948242,94.879997253418,92.5988922119141,4883300
2019-10-17,95.5699996948242,95.8899993896484,94.9700012207031,95.5599975585938,93.2625503540039,3427400
2019-10-18,94.8099975585938,96.4599990844727,94.8000030517578,96.0999984741211,93.78955078125,6209200
2019-10-21,96.6100006103516,96.870002746582,95.4199981689453,96.2200012207031,93.9066772460938,5185800
2019-10-22,96.0599975585938,96.8300018310547,95.5199966430664,95.5999984741211,93.3015823364258,5470100
2019-10-23,95.0299987792969,95.5400009155273,92.120002746582,92.3199996948242,90.1004409790039,11933600
2019-10-24,92.6800003051758,92.870002746582,90.9899978637695,91.5,89.3001556396484,12085800
2019-10-25,91.4400024414063,91.8300018310547,90.75,90.9199981689453,88.7341003417969,8147200
2019-10-28,91.0599975585938,91.3000030517578,90.1699981689453,90.8499984741211,88.6657791137695,10304700
2019-10-29,90.8499984741211,90.9199981689453,89.129997253418,89.2799987792969,87.1335296630859,9044700
2019-10-30,89.4499969482422,90.2699966430664,89.3499984741211,90.1900024414063,88.0216522216797,8127500
2019-10-31,90,90.4100036621094,88.9400024414063,89.5500030517578,87.3970260620117,6752000
2019-11-01,90.1800003051758,90.5299987792969,89,89.1800003051758,87.0359268188477,5263600
2019-11-04,90.129997253418,90.5599975585938,89.3199996948242,89.8600006103516,87.699577331543,8161200
2019-11-05,90.1500015258789,90.3399963378906,89.5400009155273,89.879997253418,87.719108581543,5589700
2019-11-06,90.6399993896484,90.7200012207031,88.7399978637695,89.4800033569336,87.3287124633789,7033800
2019-11-07,90.4700012207031,90.5999984741211,89.7699966430664,90.4000015258789,88.2265853881836,7110000
2019-11-08,90.2799987792969,90.3499984741211,89.2900009155273,89.8099975585938,87.6507797241211,4555400
2019-11-11,89.370002746582,90.0999984741211,89.370002746582,90.0500030517578,87.8850250244141,3247300
2019-11-12,90.3099975585938,92.0299987792969,89.4899978637695,89.5,87.3482360839844,3979600
2019-11-13,89.7300033569336,91.5500030517578,89.5699996948242,91.2900009155273,89.0952072143555,5923600
2019-11-14,91.4899978637695,91.9599990844727,90.7200012207031,91.2699966430664,89.0756683349609,6035300
2019-11-15,92.1399993896484,93.5599975585938,91.9599990844727,93.0400009155273,90.8031387329102,6785500
2019-11-18,93.5,94.2600021362305,92.9100036621094,94.1800003051758,91.9157257080078,6165600
2019-11-19,94.6100006103516,95.120002746582,93.0599975585938,93.6100006103516,91.3594131469727,5368400
2019-11-20,94.1100006103516,94.4000015258789,92.7699966430664,93.0500030517578,90.8129043579102,6235400
2019-11-21,92.620002746582,93.3000030517578,92.0699996948242,92.1600036621094,89.9442977905273,5493100
2019-11-22,92.2099990844727,93.3499984741211,91.9300003051758,93.3399963378906,91.0959091186523,4264400
2019-11-25,93.7799987792969,93.9700012207031,92.7399978637695,92.9000015258789,90.6664886474609,5419700
2019-11-26,93.379997253418,93.629997253418,93.0199966430664,93.3300018310547,91.0861587524414,5907400
2019-11-27,93.5,94.379997253418,93.5,94.1399993896484,91.8766937255859,4017400
2019-11-29,94.370002746582,94.6100006103516,93.3899993896484,93.4899978637695,91.4803924560547,2541800
2019-12-02,94.0899963378906,94.2799987792969,92.9800033569336,93.5599975585938,91.5488815307617,3892000
2019-12-03,92.4800033569336,92.5500030517578,91.3099975585938,92.4599990844727,90.472526550293,5570700
2019-12-04,92.8099975585938,93.7900009155273,92.7300033569336,93.7200012207031,91.705451965332,4456400
2019-12-05,95.879997253418,95.9499969482422,94.6800003051758,95.7900009155273,93.73095703125,6946000
2019-12-06,96.5599975585938,97.3099975585938,96.379997253418,97,94.914924621582,6368500
2019-12-09,97.0199966430664,97.629997253418,96.1600036621094,96.629997253418,94.5528945922852,6517800
2019-12-10,96.7600021362305,97.5899963378906,96.629997253418,97.0100021362305,94.9247360229492,4234300
2019-12-11,96.9000015258789,97.3199996948242,96.6500015258789,97.1800003051758,95.091064453125,4319700
2019-12-12,97.3199996948242,98.1800003051758,96.9000015258789,97.7200012207031,95.6194610595703,4762800
2019-12-13,97.4300003051758,98.2900009155273,96.9100036621094,97.7699966430664,95.6683959960938,5247600
2019-12-16,98.1399993896484,99.3399963378906,98.0599975585938,98.8099975585938,96.6860427856445,8211300
2019-12-17,99.379997253418,100.169998168945,99.0500030517578,99.6500015258789,97.5079803466797,7050700
2019-12-18,100.199996948242,100.790000915527,99.5800018310547,100.569999694824,98.408203125,7332000
2019-12-19,100.5,101.269996643066,99.629997253418,101.150001525879,98.9757308959961,12214500
2019-12-20,101,101.400001525879,98.8499984741211,99.9599990844727,97.8113021850586,17641600
2019-12-23,100.230003356934,100.690002441406,99.5500030517578,100.040000915527,97.8895874023438,6350500
2019-12-24,99.8300018310547,100.660003662109,99.7600021362305,100.139999389648,97.9874420166016,3328100
2019-12-26,100.339996337891,100.75,100.110000610352,100.709999084473,98.5451965332031,3709900
2019-12-27,101,101.790000915527,100.98999786377,101.569999694824,99.3866958618164,5307500
2019-12-30,101.540000915527,101.610000610352,100.459999084473,100.800003051758,98.6332626342773,3495200
2019-12-31,100.580001831055,101.389999389648,100.51000213623,101.309997558594,99.1322860717773,3213600
2020-01-02,101.360000610352,102.209999084473,101.019996643066,102.199996948242,100.00316619873,5644100
2020-01-03,100.589996337891,102,100.309997558594,101.919998168945,99.7291870117188,4541800
2020-01-06,100.949996948242,101.839996337891,100.870002746582,101.830001831055,99.64111328125,4612400
2020-01-07,101.809997558594,102.73999786377,100.809997558594,101.779998779297,99.5921936035156,6719900
2020-01-08,101.309997558594,102.139999389648,100.849998474121,101.550003051758,99.3671569824219,4942200
2020-01-09,101.940002441406,102.410003662109,101.389999389648,101.480003356934,99.2986526489258,5007500
2020-01-10,101.889999389648,101.930000305176,100.76000213623,100.900001525879,98.7311019897461,5135300
2020-01-13,101,102.339996337891,100.819999694824,102.160003662109,99.9640350341797,6722400
2020-01-14,102.449996948242,103.889999389648,102.349998474121,102.919998168945,100.70768737793,5088500
2020-01-15,103.25,103.699996948242,102.480003356934,102.790000915527,100.580474853516,4209200
2020-01-16,102.879997253418,103.569999694824,102.849998474121,103.370002746582,101.148025512695,6571700
2020-01-17,103.430000305176,104.550003051758,103.339996337891,104.529998779297,102.283081054688,6271200
2020-01-21,104.25,104.690002441406,103.809997558594,104.580001831055,102.332008361816,4854700
2020-01-22,105,105.620002746582,104.419998168945,104.48999786377,102.243927001953,5031400
2020-01-23,104.029998779297,104.370002746582,102.620002746582,103.019996643066,100.805526733398,7102900
2020-01-24,103.589996337891,103.889999389648,101.660003662109,102.029998779297,99.8368148803711,3839300
2020-01-27,98.2099990844727,100.709999084473,98.0100021362305,100.23999786377,98.0852966308594,9841400
2020-01-28,100.339996337891,101.050003051758,99.5199966430664,100.410003662109,98.2516479492188,5673200
2020-01-29,101.069999694824,101.300003051758,99.1699981689453,99.8399963378906,97.6938934326172,4503700
2020-01-30,99.0199966430664,99.75,97.370002746582,98.1900024414063,96.0793533325195,7065100
2020-01-31,98.1100006103516,98.4499969482422,95.9199981689453,96.3000030517578,94.2299880981445,8780300
2020-02-03,99,100.919998168945,98.5699996948242,99.2699966430664,97.1361389160156,9727000
2020-02-04,101.910003662109,102.779998779297,101.26000213623,101.379997253418,99.2007827758789,6559600
2020-02-05,101.76000213623,101.970001220703,99.5299987792969,100.540000915527,98.3788528442383,6108300
2020-02-06,100.900001525879,101.529998779297,100.160003662109,100.269996643066,98.1146392822266,5641800
2020-02-07,99.8099975585938,100.400001525879,98.9700012207031,99.4400024414063,97.3024826049805,4121800
2020-02-10,99.2200012207031,100.51000213623,99,100.019996643066,97.8700180053711,4213900
2020-02-11,100.069999694824,100.349998474121,99.4400024414063,100.019996643066,97.8700180053711,4871800
2020-02-12,100.73999786377,103.080001831055,100.440002441406,103,100.785972595215,8075600
2020-02-13,102.51000213623,103.73999786377,101.680000305176,103.370002746582,101.148025512695,5386800
2020-02-14,103.529998779297,103.889999389648,102.449996948242,103.540000915527,101.314361572266,4305300
2020-02-18,103,103.379997253418,101.610000610352,102,99.8074493408203,4916200
2020-02-19,102.660003662109,103.389999389648,102.430000305176,102.459999084473,100.257568359375,6200500
2020-02-20,102.459999084473,102.629997253418,100.550003051758,102.529998779297,100.326065063477,6427600
2020-02-21,102,102.080001831055,99.629997253418,100.25,98.0950622558594,5750900
2020-02-24,95.5400009155273,97.0699996948242,95.25,95.9100036621094,93.8483734130859,8364200
2020-02-25,96.3499984741211,96.7600021362305,92.620002746582,92.9000015258789,90.9030609130859,9602100
2020-02-26,93.0800018310547,94.6500015258789,91.9899978637695,92,90.0224151611328,9308400
2020-02-27,90,93.0599975585938,88.5,88.5500030517578,86.6465835571289,12825700
2020-02-28,86.0299987792969,89.4700012207031,85.1500015258789,89.379997253418,87.7013854980469,16552400
2020-03-02,89.5999984741211,93.1399993896484,87.9100036621094,92.6800003051758,90.9394149780273,14102000
2020-03-03,92.7399978637695,94.9800033569336,90.5699996948242,90.9300003051758,89.2222747802734,14767600
2020-03-04,92.0800018310547,93.8199996948242,90.8399963378906,93.7900009155273,92.0285720825195,6904400
2020-03-05,91.2600021362305,91.6800003051758,89.9400024414063,90.5800018310547,88.8788528442383,8851100
2020-03-06,88.3600006103516,89.3899993896484,85.879997253418,88.3600006103516,86.7005386352539,12336400
2020-03-09,81.8899993896484,86.7399978637695,80.9199981689453,84.1100006103516,82.5303573608398,13272700
2020-03-10,86.6900024414063,88.4000015258789,82.879997253418,88.3000030517578,86.6416778564453,12755900
2020-03-11,84,84.629997253418,82.0699996948242,84,82.4224319458008,16172000
2020-03-12,78.2300033569336,78.4899978637695,73,74.1999969482422,72.8064880371094,21534800
2020-03-13,78.1999969482422,78.1999969482422,71.7600021362305,75.5800018310547,74.1605758666992,21859600
2020-03-16,65.2799987792969,72.9700012207031,63.3699989318848,66.7900009155273,65.5356369018555,17976700
2020-03-17,67.5100021362305,73.3300018310547,62.4000015258789,69.8399963378906,68.5283584594727,17122100
2020-03-18,64.7900009155273,68.3300018310547,60,68.0400009155273,66.7621688842773,19498800
2020-03-19,67.0400009155273,72.7099990844727,64.1500015258789,70.3399963378906,69.0189666748047,16177200
2020-03-20,71.5100021362305,74.0599975585938,67.1999969482422,67.4499969482422,66.1832427978516,15761900
2020-03-23,65,66.879997253418,60.5800018310547,62.7999992370605,61.6205711364746,17690000
2020-03-24,65.6999969482422,72.6600036621094,64,72.3300018310547,70.9716033935547,18849500
2020-03-25,80.1100006103516,83.4899978637695,76.1999969482422,79.0100021362305,77.5261383056641,27053200
2020-03-26,80.1699981689453,86.8600006103516,80.0100021362305,84.3000030517578,82.716796875,17200800
2020-03-27,81.6999969482422,85.7399978637695,79.5100021362305,83.2300033569336,81.6668853759766,14183400
2020-03-30,84,85.9599990844727,81.5,85.379997253418,83.7765121459961,10960100
2020-03-31,85.129997253418,85.7300033569336,82.4000015258789,82.7399978637695,81.1860885620117,9610100
2020-04-01,79.4899978637695,81.1800003051758,78.5299987792969,79.2300033569336,77.7420120239258,9771300
2020-04-02,79,81.5999984741211,77.1600036621094,80.1399993896484,78.6349182128906,12731300
2020-04-03,79.3600006103516,79.7900009155273,77.9100036621094,78.8600006103516,77.3789520263672,8476900
2020-04-06,81.9100036621094,85.0400009155273,81.2099990844727,84.629997253418,83.0405807495117,11266500
2020-04-07,88.6999969482422,88.870002746582,84.0299987792969,84.1600036621094,82.5794143676758,10468100
2020-04-08,84.6999969482422,85.7699966430664,83.6100006103516,85.3000030517578,83.6980133056641,6642700
2020-04-09,86.6900024414063,87.3899993896484,85.1600036621094,86.7900009155273,85.160026550293,7773600
2020-04-13,85.8000030517578,85.9899978637695,84.1399993896484,84.4599990844727,82.8737869262695,5077600
2020-04-14,85.9499969482422,87.7699966430664,85.4800033569336,87.4700012207031,85.827262878418,6397200
2020-04-15,84.870002746582,85.879997253418,83.7099990844727,85.0400009155273,83.4428863525391,8053900
2020-04-16,85.4300003051758,86.5299987792969,84.5500030517578,86.3000030517578,84.6792221069336,9373800
2020-04-17,89,90.25,88.3600006103516,89.9100036621094,88.221435546875,8111400
2020-04-20,88.4300003051758,89.4400024414063,87.5199966430664,87.9000015258789,86.2491989135742,7244400
2020-04-21,85.9899978637695,86.9000015258789,85.0899963378906,85.1999969482422,83.5998840332031,6597000
2020-04-22,86.9800033569336,89.4400024414063,86.4199981689453,88.7699966430664,87.1028442382813,6463000
2020-04-23,88.9400024414063,89.5299987792969,87.2600021362305,87.3499984741211,85.7095031738281,5343500
2020-04-24,88.8899993896484,89.120002746582,87.6500015258789,88.370002746582,86.7103576660156,4450100
2020-04-27,88.379997253418,89.870002746582,87.3099975585938,89.370002746582,87.6915817260742,6875100
2020-04-28,90.5500030517578,90.7099990844727,88.629997253418,88.8000030517578,87.1322708129883,5145400
2020-04-29,90,91.3899993896484,87.8300018310547,88.0699996948242,86.4159851074219,9461400
2020-04-30,87,88,86.5100021362305,87.1800003051758,85.5427093505859,9371400
2020-05-01,85.6699981689453,86.1100006103516,84.8099975585938,85.5400009155273,83.9335021972656,6151200
2020-05-04,84.6800003051758,85.8000030517578,84.3099975585938,85.75,84.1395568847656,6348900
2020-05-05,86.5400009155273,88.5299987792969,86.0299987792969,87.1999969482422,85.5623245239258,6321500
2020-05-06,88.0500030517578,88.6900024414063,87.4300003051758,88.4400024414063,86.7790298461914,7342300
2020-05-07,89.4000015258789,90.2399978637695,88.379997253418,88.5599975585938,86.8967895507813,4565900
2020-05-08,90.1100006103516,90.6399993896484,89.5899963378906,90.4599990844727,88.761100769043,5488000
2020-05-11,89.4499969482422,91.4199981689453,89.1399993896484,90.9300003051758,89.2222747802734,4937600
2020-05-12,91.5299987792969,91.6699981689453,88.1500015258789,88.2600021362305,86.602409362793,5622600
2020-05-13,87.379997253418,87.7399978637695,85.1999969482422,86.0199966430664,84.4044799804688,6739800
2020-05-14,85,86.5800018310547,84.1100006103516,86.5500030517578,84.9245300292969,7431800
2020-05-15,85.25,87.2300033569336,84.879997253418,86.9899978637695,85.3562622070313,9165000
2020-05-18,90.4899978637695,91.5999984741211,89.879997253418,91.0400009155273,89.3302230834961,8517200
2020-05-19,90.8499984741211,93.8199996948242,90.8199996948242,91.5100021362305,89.791389465332,6514100
2020-05-20,93.1999969482422,93.8600006103516,92.6999969482422,92.9499969482422,91.2043304443359,6347000
2020-05-21,92.879997253418,94.379997253418,92.370002746582,94.2600021362305,92.4897384643555,7504300
2020-05-22,94.4199981689453,94.6500015258789,93.3499984741211,93.75,91.9893188476563,4049500
2020-05-26,95.9800033569336,97.4300003051758,95.2799987792969,96.620002746582,94.8054046630859,7185200
2020-05-27,98.120002746582,99.9899978637695,97.620002746582,99.870002746582,97.9943695068359,7915900
2020-05-28,100.089996337891,100.690002441406,98.25,98.4599990844727,96.6108474731445,7260700
2020-05-29,98.1900024414063,99.25,96.9300003051758,98.5800018310547,96.9698944091797,10332500
2020-06-01,98.4000015258789,99.7799987792969,97.8899993896484,99.5400009155273,97.9142150878906,4295400
2020-06-02,99.4199981689453,100.879997253418,98.8199996948242,100.73999786377,99.0946197509766,10798700
2020-06-03,101.26000213623,104.550003051758,101.120002746582,104.110000610352,102.409568786621,5867700
2020-06-04,103.660003662109,103.900001525879,100.470001220703,101.279998779297,99.6257934570313,8775000
2020-06-05,104,104.690002441406,102.129997253418,102.709999084473,101.032432556152,8363600
2020-06-08,103.050003051758,104.300003051758,102.709999084473,104.290000915527,102.586639404297,6165400
2020-06-09,102.819999694824,103.769996643066,102.430000305176,102.629997253418,100.953735351563,5385900
2020-06-10,103,103.150001525879,101.709999084473,102.120002746582,100.452087402344,5194200
2020-06-11,98.379997253418,98.9899978637695,94.879997253418,95.1699981689453,93.6155853271484,10976900
2020-06-12,97.8000030517578,97.8000030517578,94.7399978637695,96.4300003051758,94.8550109863281,7416400
2020-06-15,93.9000015258789,98.0800018310547,93.4400024414063,97.8399963378906,96.2419815063477,8645300
2020-06-16,101.25,101.339996337891,97.7200012207031,99.0400009155273,97.4223861694336,6054400
2020-06-17,99,100.23999786377,98.8899993896484,99.2099990844727,97.589599609375,3405500
2020-06-18,98.6900024414063,99.4199981689453,97.8499984741211,98.4499969482422,96.8420181274414,4392400
2020-06-19,99.9700012207031,99.9800033569336,95.7799987792969,95.7799987792969,94.2156219482422,10304000
2020-06-22,96.8499984741211,99.5400009155273,96.0199966430664,99.5100021362305,97.8847045898438,6918200
2020-06-23,101.150001525879,102.220001220703,100.709999084473,101.919998168945,100.255340576172,6499000
2020-06-24,100.940002441406,101.849998474121,98.0899963378906,100.080001831055,98.4453964233398,8611600
2020-06-25,99.2300033569336,101.680000305176,98.8000030517578,101.400001525879,99.7438507080078,11531400
2020-06-26,98.5,98.7799987792969,93.5699996948242,93.6699981689453,92.1400833129883,24918500
2020-06-29,93.6999969482422,96,93.6999969482422,95.870002746582,94.3041687011719,9624200
2020-06-30,96,98.3000030517578,95.6399993896484,98.0500030517578,96.4485626220703,9065500
2020-07-01,98.5,98.7200012207031,97.1100006103516,97.4000015258789,95.8091659545898,5733800
2020-07-02,98.7799987792969,99.6600036621094,98.0199966430664,98.4300003051758,96.8223495483398,5354900
2020-07-06,99.620002746582,100.029998779297,99.0400009155273,99.9499969482422,98.3175048828125,4995000
2020-07-07,99.2200012207031,99.5500030517578,96.9199981689453,97.0699996948242,95.4845581054688,6352900
2020-07-08,97.5,98.9800033569336,96.9599990844727,98.8399963378906,97.2256546020508,5634600
2020-07-09,98.5500030517578,98.9100036621094,96.370002746582,96.9899978637695,95.4058685302734,6282300
2020-07-10,97,98.0500030517578,95.7200012207031,97.9899978637695,96.3895263671875,3967000
2020-07-13,98.25,98.9400024414063,96.2600021362305,96.4599990844727,94.8845062255859,4845600
2020-07-14,96.3300018310547,97.25,95.5100021362305,96.7600021362305,95.1796340942383,4850600
2020-07-15,98.4100036621094,99.0400009155273,97.3099975585938,98.5400009155273,96.930549621582,5343700
2020-07-16,97.5,98.2300033569336,97.0400009155273,97.2600021362305,95.6714553833008,3594700
2020-07-17,96.9499969482422,97.2300033569336,96.0400009155273,96.2799987792969,94.7074584960938,7405700
2020-07-20,95.5,96.3499984741211,95.1100006103516,95.6500015258789,94.0877532958984,5822300
2020-07-21,96.9199981689453,99,96.0999984741211,98.3600006103516,96.7534942626953,5855600
2020-07-22,98.1600036621094,98.9899978637695,97.9100036621094,98.9100036621094,97.2945098876953,4097000
2020-07-23,98.3499984741211,100.180000305176,97.7200012207031,98.3000030517578,96.6944732666016,4530500
2020-07-24,98.1399993896484,99.3600006103516,97.6999969482422,98.4300003051758,96.8223495483398,5638400
2020-07-27,96.9599990844727,98.4000015258789,96.8899993896484,97.2099990844727,95.6222686767578,4273400
2020-07-28,96.9499969482422,97.4700012207031,96.1600036621094,96.2699966430664,94.697624206543,3822600
2020-07-29,96.4300003051758,97.5500030517578,96.3000030517578,96.9700012207031,95.3861923217773,6872400
2020-07-30,96.4700012207031,97.2300033569336,95.8000030517578,96.8199996948242,95.2386245727539,4018400
2020-07-31,96.8899993896484,97.6500015258789,96.3000030517578,97.6100006103516,96.015739440918,5509900
2020-08-03,98.0299987792969,99.2900009155273,97.8199996948242,98.3300018310547,96.7239761352539,5472700
2020-08-04,97.7900009155273,97.9499969482422,96.5500030517578,97.3300018310547,95.7403182983398,7539300
2020-08-05,97.120002746582,101.25,97.0800018310547,100.940002441406,99.2913513183594,7217500
2020-08-06,100.639999389648,101.180000305176,100.029998779297,100.449996948242,98.8093490600586,4060900
2020-08-07,101,101.910003662109,99.8899993896484,101.860000610352,100.196334838867,5545600
2020-08-10,102.470001220703,106.830001831055,102.400001525879,105.410003662109,103.688339233398,12678000
2020-08-11,106.849998474121,107.330001831055,104.860000610352,105.120002746582,103.403076171875,5400700
2020-08-12,105.720001220703,105.889999389648,103.379997253418,105.220001220703,103.501441955566,4714800
2020-08-13,105.300003051758,106.98999786377,105.199996948242,106.519996643066,104.780204772949,4281700
2020-08-14,106.120002746582,106.779998779297,105.459999084473,106.430000305176,104.691688537598,2985700
2020-08-17,106.5,106.5,105.120002746582,105.660003662109,103.934265136719,3017000
2020-08-18,106.459999084473,107,105.470001220703,106.970001220703,105.222854614258,5023000
2020-08-19,107.690002441406,109.690002441406,107.349998474121,108.389999389648,106.619667053223,9508100
2020-08-20,107.559997558594,108.73999786377,107.349998474121,108.01000213623,106.245880126953,4304000
2020-08-21,108,109.769996643066,107.75,109.75,107.957450866699,5564000
2020-08-24,110,112,109.900001525879,111.830001831055,110.003486633301,8173100
2020-08-25,112,112.279998779297,111.089996337891,111.51000213623,109.688720703125,4380900
2020-08-26,111.919998168945,112.089996337891,111.290000915527,111.529998779297,109.708381652832,4477900
2020-08-27,111.98999786377,112.790000915527,110.5,110.839996337891,109.029655456543,4390800
2020-08-28,111.01000213623,112.669998168945,110.569999694824,112.290000915527,110.700668334961,3731100
2020-08-31,112.139999389648,112.519996643066,111.139999389648,111.889999389648,110.306327819824,3519800
2020-09-01,112,114.900001525879,111.830001831055,114.839996337891,113.214561462402,4912400
2020-09-02,115.059997558594,117.410003662109,114.5,116.800003051758,115.146827697754,6775400
2020-09-03,116.800003051758,116.900001525879,112,112.849998474121,111.252731323242,7264400
2020-09-04,112.959999084473,113.75,110.209999084473,112.400001525879,110.809104919434,5157600
2020-09-08,111.290000915527,113.839996337891,110.540000915527,112.720001220703,111.124580383301,5300100
2020-09-09,113.019996643066,116.209999084473,112.830001831055,114.900001525879,113.273719787598,5997900
2020-09-10,115.900001525879,118.230003356934,114,114.790000915527,113.16527557373,5032800
2020-09-11,116.76000213623,119.25,116.419998168945,118,116.329849243164,8565200
2020-09-14,118.5,119.930000305176,118.169998168945,119.279998779297,117.591720581055,4990300
2020-09-15,119.699996948242,120.480003356934,119.180000305176,119.269996643066,117.58186340332,5934200
2020-09-16,118.309997558594,119.690002441406,118.160003662109,118.589996337891,116.911491394043,7023700
2020-09-17,117.339996337891,118.550003051758,115.800003051758,116.360000610352,114.713050842285,7376400
2020-09-18,115.430000305176,117.910003662109,114.48999786377,114.660003662109,113.037124633789,12876600
2020-09-21,112.949996948242,114.059997558594,111.73999786377,113.370002746582,111.76537322998,8486400
2020-09-22,113.099998474121,117.199996948242,112.849998474121,116.870002746582,115.215827941895,13007200
2020-09-23,130.220001220703,130.380004882813,125.26000213623,127.110000610352,125.310897827148,37822700
2020-09-24,126.440002441406,127.540000915527,123.300003051758,124.75,122.984298706055,13485800
2020-09-25,123.650001525879,124.75,122.269996643066,124.230003356934,122.471672058105,9182800
2020-09-28,125.160003662109,126.190002441406,123.889999389648,124.319999694824,122.560386657715,7525000
2020-09-29,124.339996337891,127.099998474121,123.959999084473,126.349998474121,124.561645507813,7796400
2020-09-30,126.099998474121,127.279998779297,125.160003662109,125.540000915527,123.763122558594,8699700
2020-10-01,127.730003356934,127.730003356934,125.309997558594,126.639999389648,124.847549438477,5637200
2020-10-02,124.349998474121,126.800003051758,123.589996337891,126.639999389648,124.847549438477,7491100
2020-10-05,127.069999694824,128.5,126.449996948242,127.910003662109,126.099578857422,8270300
2020-10-06,128.839996337891,130.440002441406,127.269996643066,127.650001525879,125.84326171875,5978000
2020-10-07,128.399993896484,130.410003662109,128.25,130.059997558594,128.219131469727,4390500
2020-10-08,130.399993896484,130.929992675781,129.509994506836,129.710006713867,127.874114990234,3595600
2020-10-09,129.990005493164,131.190002441406,129.330001831055,130.979995727539,129.126129150391,4293400
2020-10-12,131.190002441406,131.339996337891,129.259994506836,129.460006713867,127.627647399902,5136500
2020-10-13,128.050003051758,129.869995117188,127.959999084473,129.199996948242,127.371322631836,4245000
2020-10-14,129.529998779297,129.600006103516,127.01000213623,127.660003662109,125.853118896484,3586600
2020-10-15,126.480003356934,129.100006103516,126.110000610352,129,127.17414855957,4235800
2020-10-16,129.509994506836,130.190002441406,127.550003051758,128,126.18830871582,6010900
2020-10-19,129.100006103516,129.779998779297,127.050003051758,127.430000305176,125.626373291016,5160800
2020-10-20,128,129.899993896484,127.720001220703,128.490005493164,126.671379089355,3799200
2020-10-21,128.5,131.380004882813,128.449996948242,129.429992675781,127.59806060791,4916300
2020-10-22,129.600006103516,130.259994506836,128.860000610352,130.020004272461,128.179702758789,2869900
2020-10-23,130,130.600006103516,128.649993896484,129.990005493164,128.150146484375,4046300
2020-10-26,129.059997558594,129.619995117188,126.680000305176,128.369995117188,126.55305480957,5422500
2020-10-27,128.779998779297,129.490005493164,127.900001525879,127.98999786377,126.178451538086,2985700
2020-10-28,125.279998779297,126.400001525879,121.040000915527,122.080001831055,120.352104187012,8618300
2020-10-29,122.279998779297,124.190002441406,121.150001525879,122.860000610352,121.121055603027,4947000
2020-10-30,123.660003662109,123.660003662109,118.800003051758,120.080001831055,118.380401611328,7791600
2020-11-02,122.370002746582,124.099998474121,121.099998474121,122.389999389648,120.657707214355,4740400
2020-11-03,124.01000213623,125.5,123.190002441406,124.589996337891,122.826560974121,3490900
2020-11-04,125.330001831055,128.929992675781,125.26000213623,127.339996337891,125.537643432617,5061800
2020-11-05,129.190002441406,130.410003662109,128.460006713867,129.699996948242,127.864250183105,3940000
2020-11-06,129.910003662109,129.910003662109,128.350006103516,128.899993896484,127.075569152832,2954000
2020-11-09,135.059997558594,136.350006103516,128.770004272461,128.949996948242,127.124855041504,7491700
2020-11-10,130.050003051758,130.119995117188,126.25,127.709999084473,125.902412414551,8014700
2020-11-11,128.690002441406,129.800003051758,127.180000305176,127.660003662109,125.853118896484,6058700
2020-11-12,126.620002746582,127.839996337891,125.629997253418,126.639999389648,124.847549438477,4780400
2020-11-13,127.910003662109,128.600006103516,126.830001831055,128.279998779297,126.464347839355,3986100
2020-11-16,129.460006713867,130.320007324219,127.370002746582,130.110000610352,128.268447875977,6116200
2020-11-17,130.479995727539,132.600006103516,129.110000610352,132.210006713867,130.338714599609,7002900
2020-11-18,133.070007324219,133.979995727539,131.529998779297,131.630004882813,129.76692199707,5572800
2020-11-19,131.919998168945,132.110000610352,129.929992675781,131.910003662109,130.042953491211,4642800
2020-11-20,133.300003051758,133.529998779297,131.910003662109,132.979995727539,131.09782409668,4318100
2020-11-23,134.380004882813,134.889999389648,133.089996337891,134.130004882813,132.231552124023,6118400
2020-11-24,135,135.990005493164,134.210006713867,134.699996948242,132.793487548828,7204700
2020-11-25,134.25,135.800003051758,133.619995117188,135.539993286133,133.62158203125,4484500
2020-11-27,136,136.130004882813,133.339996337891,134.25,132.349853515625,3506800
2020-11-30,133.910003662109,135.289993286133,132.690002441406,134.699996948242,132.793487548828,9652500
2020-12-01,136.440002441406,136.5,134.75,135.440002441406,133.523010253906,3833100
2020-12-02,135.160003662109,136.320007324219,134.669998168945,135.580001831055,133.661010742188,4132700
2020-12-03,135.100006103516,137.949996948242,135,136.960006713867,135.021499633789,4930900
2020-12-04,137.080001831055,137.399993896484,135.639999389648,137.190002441406,135.520324707031,4344000
2020-12-07,137,138.860000610352,136.800003051758,138.75,137.061340332031,4590800
2020-12-08,138.240005493164,140.440002441406,137.649993896484,139.119995117188,137.426834106445,6953600
2020-12-09,140.570007324219,140.570007324219,138.270004272461,138.789993286133,137.100860595703,4341300
2020-12-10,138.279998779297,139.139999389648,137.240005493164,137.580001831055,135.90559387207,4511000
2020-12-11,137.389999389648,138.139999389648,136.229995727539,137.410003662109,135.737670898438,4172400
2020-12-14,138.919998168945,139,136.199996948242,136.279998779297,134.62141418457,7599000
2020-12-15,137.429992675781,139.440002441406,137.25,139.389999389648,137.693557739258,7637000
2020-12-16,139.070007324219,140.490005493164,137.460006713867,138.339996337891,136.656326293945,6573400
2020-12-17,139.919998168945,140.740005493164,138.75,140.5,138.7900390625,8727000
2020-12-18,141.089996337891,141.139999389648,137.169998168945,137.279998779297,135.609268188477,17970800
2020-12-21,144.820007324219,147.949996948242,142.509994506836,144.020004272461,142.267196655273,16111300
2020-12-22,143.050003051758,143.470001220703,141.089996337891,142.449996948242,140.716323852539,6339400
2020-12-23,142.559997558594,143.600006103516,141.699996948242,141.759994506836,140.034698486328,3388300
2020-12-24,141.100006103516,142.190002441406,141.100006103516,141.600006103516,139.876663208008,1821900
2020-12-28,142.539993286133,142.919998168945,141.039993286133,142.429992675781,140.696578979492,4081500
2020-12-29,142.830001831055,143.059997558594,140.429992675781,141.570007324219,139.847045898438,3232400
2020-12-30,142.160003662109,142.610000610352,140.660003662109,141.580001831055,139.856918334961,3052100
2020-12-31,141.699996948242,141.789993286133,140.369995117188,141.470001220703,139.748229980469,2949900
2021-01-04,142.850006103516,142.970001220703,138.320007324219,140.100006103516,138.394927978516,6178500
2021-01-05,138.600006103516,141.660003662109,138.600006103516,141.229995727539,139.511169433594,4163100
2021-01-06,141.25,143.570007324219,139.529998779297,142.350006103516,140.617538452148,6072900
2021-01-07,143.199996948242,145.639999389648,143,144.949996948242,143.185897827148,5256900
2021-01-08,145.550003051758,146.820007324219,144.899993896484,146.350006103516,144.568862915039,3950500
2021-01-11,146,147.100006103516,144.800003051758,147.050003051758,145.260345458984,4252000
2021-01-12,146.5,146.850006103516,144.380004882813,145.050003051758,143.28466796875,3678800
2021-01-13,144.830001831055,145.130004882813,142.429992675781,143.039993286133,141.299133300781,3330100
2021-01-14,143.660003662109,144.899993896484,140.929992675781,141.300003051758,139.580322265625,4104000
2021-01-15,140.559997558594,142.380004882813,139.880004882813,140.720001220703,139.007385253906,6412400
2021-01-19,140.990005493164,141.220001220703,138.410003662109,139.270004272461,137.57502746582,6537800
2021-01-20,140.380004882813,143.210006713867,140.009994506836,142.800003051758,141.062072753906,4654400
2021-01-21,142.410003662109,143.809997558594,141.130004882813,141.610000610352,139.88655090332,4011200
2021-01-22,141.089996337891,141.880004882813,139.309997558594,139.350006103516,137.654067993164,4150500
2021-01-25,138.990005493164,139.179992675781,134.740005493164,137.550003051758,135.875961303711,5998700
2021-01-26,137.759994506836,137.850006103516,134.710006713867,135.100006103516,133.455780029297,5312300
2021-01-27,132.220001220703,132.860000610352,130.270004272461,131.020004272461,129.425430297852,7815900
2021-01-28,132.360000610352,136.369995117188,131.5,134.720001220703,133.08039855957,6244600
2021-01-29,133.949996948242,135.029998779297,132.149993896484,133.589996337891,131.964172363281,7166100
2021-02-01,135.369995117188,136.050003051758,133.300003051758,135.710006713867,134.058349609375,4366800
2021-02-02,137.059997558594,139.860000610352,136.75,139.589996337891,137.891128540039,7132800
2021-02-03,139.699996948242,140.059997558594,138.009994506836,138.630004882813,136.942810058594,4678600
2021-02-04,139.550003051758,141.050003051758,138.919998168945,140.630004882813,138.918472290039,4533700
2021-02-05,141.339996337891,145.570007324219,141.289993286133,145.110000610352,143.343948364258,6151500
2021-02-08,145.149993896484,145.880004882813,142.800003051758,143.410003662109,141.664642333984,6304300
2021-02-09,143.600006103516,144.220001220703,141.699996948242,141.789993286133,140.064346313477,3436300
2021-02-10,142.449996948242,142.600006103516,140.899993896484,142.460006713867,140.726211547852,4125700
2021-02-11,143,144.350006103516,142.410003662109,143.539993286133,141.793060302734,3828700
2021-02-12,143.110000610352,143.449996948242,141.399993896484,142.119995117188,140.390350341797,3637000
2021-02-16,143.369995117188,143.369995117188,141.029998779297,141.710006713867,139.985336303711,4873400
2021-02-17,141.300003051758,144.559997558594,140.210006713867,143.990005493164,142.237579345703,6437100
2021-02-18,142.979995727539,145.389999389648,141.210006713867,145.089996337891,143.324188232422,4486800
2021-02-19,145.429992675781,145.5,141.5,142.020004272461,140.291549682617,7486000
2021-02-22,141.539993286133,142.460006713867,136.259994506836,136.669998168945,135.00666809082,8985900
2021-02-23,136.029998779297,136.830001831055,131.580001831055,136.130004882813,134.473251342773,10364100
2021-02-24,135.059997558594,135.960006713867,133.949996948242,135.649993896484,133.999084472656,6360900
2021-02-25,137.600006103516,139.179992675781,134.529998779297,135.539993286133,133.890411376953,5674300
2021-02-26,135.899993896484,136.850006103516,133.360000610352,134.779998779297,133.410354614258,6650200
2021-03-01,135.639999389648,139.149993896484,135.5,137.649993896484,136.251174926758,5717800
2021-03-02,137.559997558594,138.259994506836,135.610000610352,137.020004272461,135.627593994141,5292700
2021-03-03,137.089996337891,137.410003662109,134.149993896484,134.259994506836,132.895629882813,4888400
2021-03-04,134,135.130004882813,130.179992675781,132.039993286133,130.698196411133,7181500
2021-03-05,133.539993286133,133.679992675781,129.190002441406,133.350006103516,131.994888305664,5957100
2021-03-08,133.639999389648,135.630004882813,132.369995117188,134.559997558594,133.192596435547,4983000
2021-03-09,135.509994506836,138,135.449996948242,135.949996948242,134.568450927734,5977800
2021-03-10,136.5,138.199996948242,136.100006103516,137.589996337891,136.191802978516,4519600
2021-03-11,139.179992675781,142.199996948242,138.559997558594,141.190002441406,139.755218505859,5696500
2021-03-12,140,140.910003662109,138.600006103516,140.449996948242,139.022735595703,4143200
2021-03-15,140.699996948242,145,140.669998168945,144.940002441406,143.467102050781,5413900
2021-03-16,145.880004882813,146.149993896484,143.839996337891,144.649993896484,143.180038452148,5623000
2021-03-17,143.199996948242,146.149993896484,143.199996948242,144.820007324219,143.348327636719,5134400
2021-03-18,144.369995117188,146.660003662109,142.550003051758,143.169998168945,141.715103149414,10188400
2021-03-19,140,142.860000610352,135.509994506836,137.490005493164,136.092803955078,24980400
2021-03-22,137.630004882813,138.809997558594,136.029998779297,138.270004272461,136.86491394043,7537300
2021-03-23,138.490005493164,140.639999389648,136.550003051758,137.119995117188,135.726577758789,5582600
2021-03-24,136.449996948242,137.919998168945,132.880004882813,133.160003662109,131.806823730469,8157600
2021-03-25,127.050003051758,129.389999389648,125.440002441406,128.639999389648,127.332740783691,18475800
2021-03-26,131.600006103516,133.190002441406,129.770004272461,132.990005493164,131.638549804688,10010500
2021-03-29,132.940002441406,133.910003662109,130.660003662109,133.490005493164,132.13346862793,7153900
2021-03-30,132.350006103516,133.350006103516,131.220001220703,132.949996948242,131.598937988281,6026600
2021-03-31,133.089996337891,134.179992675781,131.919998168945,132.889999389648,131.539566040039,6878900
2021-04-01,134.690002441406,134.690002441406,132.210006713867,132.529998779297,131.183197021484,5720600
2021-04-05,133.100006103516,135.679992675781,133.100006103516,135.119995117188,133.746887207031,5508900
2021-04-06,135.440002441406,137.710006713867,134.929992675781,137.160003662109,135.766174316406,4670100
2021-04-07,136.990005493164,138.240005493164,136.360000610352,136.539993286133,135.152481079102,6646000
2021-04-08,137.279998779297,137.309997558594,133.410003662109,133.679992675781,132.321533203125,8748400
2021-04-09,133.940002441406,135.5,133.5,135.449996948242,134.073532104492,6056800
2021-04-12,134.75,136.899993896484,134.220001220703,136.639999389648,135.251449584961,5638200
2021-04-13,135.600006103516,135.990005493164,133.399993896484,133.539993286133,132.18293762207,8778200
2021-04-14,133.539993286133,134.179992675781,131.820007324219,132.259994506836,130.915954589844,7354100
2021-04-15,133,134.070007324219,132.679992675781,133.669998168945,132.311630249023,6284800
2021-04-16,134.710006713867,134.770004272461,133.729995727539,134.309997558594,132.945114135742,6852500
2021-04-19,134.300003051758,134.380004882813,132.149993896484,132.570007324219,131.222808837891,5613600
2021-04-20,129.169998168945,129.899993896484,125.699996948242,127.110000610352,125.818290710449,13268700
2021-04-21,127.589996337891,130.330001831055,127.370002746582,129.899993896484,128.579925537109,7110900
2021-04-22,129.889999389648,130.369995117188,127.980003356934,129.179992675781,127.867263793945,6442900
2021-04-23,128.929992675781,130.649993896484,128.460006713867,130.190002441406,128.866989135742,7489000
2021-04-26,130.490005493164,131.699996948242,129.320007324219,131.600006103516,130.262680053711,8217800
2021-04-27,132,132.789993286133,131.410003662109,132.110000610352,130.767471313477,5833100
2021-04-28,132.259994506836,132.330001831055,130.350006103516,130.710006713867,129.381729125977,8195400
2021-04-29,131.770004272461,134.119995117188,131.229995727539,133.259994506836,131.905792236328,6612500
2021-04-30,132.440002441406,133.880004882813,132.050003051758,132.619995117188,131.272308349609,5643600
2021-05-03,133.369995117188,134.449996948242,132.589996337891,133.029998779297,131.678131103516,5053000
2021-05-04,132.229995727539,132.589996337891,130.479995727539,131.550003051758,130.213180541992,6129500
2021-05-05,132.699996948242,134.220001220703,132.080001831055,132.210006713867,130.866470336914,6234200
2021-05-06,132.600006103516,133.839996337891,131.940002441406,133.490005493164,132.13346862793,5201000
2021-05-07,135,139.360000610352,134.720001220703,137.809997558594,136.409561157227,10566700
2021-05-10,138,138.899993896484,136.300003051758,136.399993896484,135.013870239258,5669300
2021-05-11,138.380004882813,138.380004882813,135.009994506836,137.119995117188,135.726577758789,8045400
2021-05-12,135.419998168945,136.820007324219,133.339996337891,133.389999389648,132.034484863281,5865100
2021-05-13,133.699996948242,135.029998779297,132.490005493164,133.610000610352,132.252227783203,6284300
2021-05-14,134.339996337891,136.679992675781,134.050003051758,135.929992675781,134.54866027832,4367900
2021-05-17,136.330001831055,137.070007324219,135.5,136.410003662109,135.023803710938,3934200
2021-05-18,136.440002441406,137.470001220703,135.449996948242,135.559997558594,134.182434082031,5664700
2021-05-19,133.479995727539,133.970001220703,131.960006713867,132.960006713867,131.608840942383,5582300
2021-05-20,133.779998779297,134.210006713867,132.190002441406,133.270004272461,131.91569519043,4934800
2021-05-21,133.830001831055,134.169998168945,132.410003662109,132.660003662109,131.311889648438,5329700
2021-05-24,133.100006103516,134.350006103516,132.809997558594,134.059997558594,132.697647094727,4313200
2021-05-25,134.940002441406,135.169998168945,133.850006103516,134.320007324219,132.955017089844,4885800
2021-05-26,135.199996948242,137.919998168945,135,136.889999389648,135.498931884766,6781500
2021-05-27,137.550003051758,138.309997558594,136.460006713867,136.559997558594,135.172271728516,12882300
2021-05-28,136.240005493164,137.350006103516,136.089996337891,136.460006713867,135.345840454102,4153500
2021-06-01,137.850006103516,138.050003051758,134.210006713867,134.509994506836,133.411758422852,5577900
2021-06-02,134.589996337891,135.490005493164,133.529998779297,134.169998168945,133.07453918457,5226100
2021-06-03,133.199996948242,134.690002441406,132.509994506836,134.169998168945,133.07453918457,5027400
2021-06-04,134.5,134.940002441406,132.279998779297,133.740005493164,132.648056030273,5217100
2021-06-07,134,135.199996948242,133.449996948242,133.949996948242,132.856307983398,3765000
2021-06-08,134.690002441406,134.720001220703,132.410003662109,133.350006103516,132.26123046875,4915200
2021-06-09,133.619995117188,134.899993896484,131.449996948242,131.839996337891,130.763549804688,6448100
2021-06-10,131.5,132.570007324219,130.190002441406,130.979995727539,129.910583496094,6584100
2021-06-11,131.5,131.990005493164,130.529998779297,131.940002441406,130.862747192383,5414500
2021-06-14,131.699996948242,132.050003051758,130.130004882813,131.360000610352,130.287475585938,5743600
2021-06-15,131.539993286133,131.75,129.830001831055,130.289993286133,129.226211547852,5168100
2021-06-16,130.300003051758,131.169998168945,129.600006103516,130.399993896484,129.335311889648,7915500
2021-06-17,129.240005493164,129.880004882813,127.860000610352,128.919998168945,127.867393493652,8568100
2021-06-18,126.680000305176,129.029998779297,126.680000305176,128.410003662109,127.36156463623,9784800
2021-06-21,129.240005493164,130.759994506836,128.699996948242,130.080001831055,129.017913818359,6288500
2021-06-22,130.830001831055,132.690002441406,130.130004882813,132.479995727539,131.398330688477,6043800
2021-06-23,132.809997558594,133.699996948242,132.210006713867,133.100006103516,132.013275146484,4566000
2021-06-24,133.899993896484,134.820007324219,132.899993896484,133.600006103516,132.509185791016,11420500
2021-06-25,152.410003662109,154.589996337891,150.479995727539,154.350006103516,153.089782714844,46285400
2021-06-28,153.919998168945,154.050003051758,151.509994506836,152.360000610352,151.115997314453,13133300
2021-06-29,153.259994506836,156.399993896484,152.910003662109,155.949996948242,154.676696777344,10279900
2021-06-30,154.789993286133,155.339996337891,153.520004272461,154.490005493164,153.228622436523,10281800
2021-07-01,154.070007324219,158.210006713867,153.889999389648,158,156.7099609375,9011500
2021-07-02,158.210006713867,159.970001220703,157.639999389648,159.740005493164,158.435760498047,6396700
2021-07-06,159.919998168945,160.440002441406,157.860000610352,160.110000610352,158.802734375,6671000
2021-07-07,160.160003662109,161.5,158.279998779297,160.160003662109,158.852325439453,5408300
2021-07-08,158.169998168945,160.820007324219,157.350006103516,160.630004882813,159.318496704102,6081600
2021-07-09,161.690002441406,161.960006713867,160.509994506836,161,159.685485839844,5002300
2021-07-12,161.639999389648,162.429992675781,160.710006713867,161.820007324219,160.498794555664,4992200
2021-07-13,161.350006103516,162.309997558594,161.009994506836,161.589996337891,160.270645141602,5747700
2021-07-14,161.869995117188,162.729995727539,161.339996337891,161.539993286133,160.221054077148,4928000
2021-07-15,160.860000610352,162.199996948242,160.389999389648,161.690002441406,160.369827270508,6432500
2021-07-16,161.619995117188,161.699996948242,159.639999389648,159.850006103516,158.544876098633,6603700
2021-07-19,158.149993896484,158.820007324219,156.600006103516,157.869995117188,156.581024169922,7377100
2021-07-20,157.259994506836,160.429992675781,156.580001831055,159.740005493164,158.435760498047,4629200
2021-07-21,160.5,161.429992675781,160.009994506836,161.080001831055,159.76481628418,5393100
2021-07-22,161.110000610352,163.75,160.929992675781,163.679992675781,162.343566894531,4851500
2021-07-23,164.350006103516,166.449996948242,163.729995727539,166.360000610352,165.001708984375,4217700
2021-07-26,165.710006713867,166.529998779297,163.820007324219,165.089996337891,163.742080688477,3858800
2021-07-27,164.820007324219,165.610000610352,162.580001831055,164.570007324219,163.226333618164,4359000
2021-07-28,164.490005493164,165.899993896484,164.080001831055,165.460006713867,164.109069824219,4093600
2021-07-29,165.899993896484,167.029998779297,165.389999389648,166.990005493164,165.626571655273,3605600
2021-07-30,166.589996337891,167.869995117188,166.350006103516,167.509994506836,166.142303466797,5364400
2021-08-02,169.059997558594,169.979995727539,168.029998779297,168.75,167.372192382813,5532500
2021-08-03,169.220001220703,171.5,168.490005493164,171.229995727539,169.831939697266,5718100
2021-08-04,171.360000610352,172.339996337891,170.960006713867,171.910003662109,170.506393432617,4646200
2021-08-05,171.410003662109,174,171.179992675781,173.850006103516,172.430572509766,3824000
2021-08-06,174.360000610352,174.380004882813,172.699996948242,172.800003051758,171.389144897461,4088700
2021-08-09,172.5,173.059997558594,171.619995117188,171.770004272461,170.367553710938,3612800
2021-08-10,171.559997558594,173.960006713867,171.429992675781,172.270004272461,170.863464355469,3747100
2021-08-11,172,173.220001220703,170.940002441406,171.270004272461,169.871627807617,4078300
2021-08-12,170.889999389648,171.320007324219,169.479995727539,170.639999389648,169.24674987793,3997100
2021-08-13,170.449996948242,171.720001220703,168.779998779297,171.690002441406,170.288192749023,2966200
2021-08-16,170.699996948242,172.399993896484,169.660003662109,172.360000610352,170.952713012695,3530200
2021-08-17,171.539993286133,171.699996948242,169.380004882813,170.660003662109,169.266586303711,3602900
2021-08-18,169.75,171.800003051758,168.660003662109,168.809997558594,167.431701660156,5487400
2021-08-19,166.960006713867,167.539993286133,164.369995117188,165.589996337891,164.237991333008,7336300
2021-08-20,166.270004272461,168.009994506836,165.419998168945,167.789993286133,166.420013427734,4039100
2021-08-23,169.449996948242,170.899993896484,169.179992675781,169.720001220703,168.334274291992,3796500
2021-08-24,169.600006103516,170.869995117188,168.889999389648,169.979995727539,168.592147827148,3133100
2021-08-25,170,170.690002441406,169.529998779297,169.839996337891,168.453277587891,3003800
2021-08-26,169.380004882813,169.520004272461,166.270004272461,166.919998168945,165.55712890625,4069600
2021-08-27,167.270004272461,168.070007324219,166.279998779297,167.580001831055,166.486022949219,3012400
2021-08-30,167.889999389648,168.410003662109,166.570007324219,168.029998779297,166.933074951172,3537100
2021-08-31,167.550003051758,167.679992675781,164.199996948242,164.740005493164,163.664566040039,7545600
2021-09-01,164.919998168945,166.619995117188,164.080001831055,164.559997558594,163.485733032227,4706500
2021-09-02,165.240005493164,165.429992675781,162.789993286133,163.669998168945,162.6015625,4632100
2021-09-03,163.199996948242,164.169998168945,162.220001220703,163.289993286133,162.224014282227,4254500
2021-09-07,163.699996948242,163.860000610352,161.910003662109,162.639999389648,161.578262329102,5648800
2021-09-08,162,162.089996337891,159.75,160.710006713867,159.660888671875,6591700
2021-09-09,165.259994506836,166.149993896484,163.199996948242,163.339996337891,162.273696899414,8414800
2021-09-10,164.25,165.660003662109,163.440002441406,163.589996337891,162.522079467773,4252100
2021-09-13,161.559997558594,162.919998168945,158.330001831055,159.520004272461,158.478652954102,8814500
2021-09-14,159.169998168945,159.389999389648,157.070007324219,158.759994506836,157.723587036133,5323900
2021-09-15,157.5,158.320007324219,155.669998168945,157.910003662109,156.879165649414,6827100
2021-09-16,157.589996337891,159.009994506836,157.199996948242,157.600006103516,156.571182250977,5085900
2021-09-17,157.960006713867,161,156.070007324219,156.419998168945,155.398880004883,7944800
2021-09-20,153.729995727539,155.270004272461,152.320007324219,154.25,153.243026733398,7041200
2021-09-21,155.089996337891,156.130004882813,153.580001831055,155.020004272461,154.008026123047,5857900
2021-09-22,156.789993286133,158,155.600006103516,157.440002441406,156.412231445313,6844800
2021-09-23,158.710006713867,160.289993286133,158.270004272461,159.580001831055,158.53825378418,11981500
2021-09-24,151.039993286133,151.850006103516,148,149.589996337891,148.613464355469,26913300
2021-09-27,149.509994506836,149.910003662109,147.289993286133,148.039993286133,147.073577880859,11479300
2021-09-28,147.339996337891,147.529998779297,145,145.300003051758,144.351470947266,10692300
2021-09-29,145.710006713867,147.940002441406,145.690002441406,146.020004272461,145.066772460938,7794900
2021-09-30,145.880004882813,147.479995727539,144.419998168945,145.229995727539,144.281921386719,10133600
2021-10-01,145.220001220703,148,144.369995117188,147.059997558594,146.099990844727,8112300
2021-10-04,147.059997558594,147.619995117188,145.759994506836,147.139999389648,146.179458618164,7951000
2021-10-05,148,151,147.820007324219,149.460006713867,148.484313964844,10881900
2021-10-06,148,149.460006713867,147.509994506836,148.800003051758,147.828628540039,7610700
2021-10-07,150.300003051758,153.660003662109,150.259994506836,151.850006103516,150.85871887207,7958000
2021-10-08,152.220001220703,152.869995117188,150.669998168945,152.479995727539,151.484588623047,6333700
2021-10-11,151.990005493164,153.589996337891,150.059997558594,150.279998779297,149.298950195313,5551200
2021-10-12,152.419998168945,153.600006103516,151.300003051758,153.350006103516,152.348922729492,7408600
2021-10-13,154.320007324219,156.669998168945,153.160003662109,156.300003051758,155.279663085938,8456300
2021-10-14,158.179992675781,158.460006713867,156.25,157.139999389648,156.114166259766,6024500
2021-10-15,157.800003051758,158.330001831055,156.559997558594,158.009994506836,156.978485107422,5532100
2021-10-18,157.309997558594,159.470001220703,155.949996948242,159.429992675781,158.389221191406,5765300
2021-10-19,159.679992675781,159.929992675781,156.800003051758,157.820007324219,156.789749145508,6198200
2021-10-20,158.5,158.800003051758,157.320007324219,158.449996948242,157.415634155273,4487000
2021-10-21,158.449996948242,162.339996337891,158.279998779297,162.179992675781,161.12126159668,6121700
2021-10-22,162.279998779297,164.619995117188,162.279998779297,163.479995727539,162.412780761719,5323000
2021-10-25,163.229995727539,164.729995727539,162.660003662109,164.220001220703,163.14794921875,3878200
2021-10-26,164.820007324219,165.449996948242,163.119995117188,163.789993286133,162.720748901367,4711200
2021-10-27,163.649993896484,164.059997558594,161.660003662109,162.350006103516,161.290161132813,4163900
2021-10-28,163.009994506836,164.600006103516,162.809997558594,164.460006713867,163.386413574219,3762000
2021-10-29,163.059997558594,167.630004882813,163,167.289993286133,166.197906494141,6740600
2021-11-01,167.800003051758,168.800003051758,165.889999389648,166.330001831055,165.244201660156,3610800
2021-11-02,166.759994506836,168.160003662109,166.110000610352,167.830001831055,166.734405517578,5038000
2021-11-03,169,172.869995117188,168.649993896484,172.5,171.373901367188,7176700
2021-11-04,172.210006713867,175.630004882813,172,175.440002441406,174.294708251953,5460100
2021-11-05,175.729995727539,179.100006103516,175.5,177.509994506836,176.351196289063,5892200
2021-11-08,176.350006103516,176.539993286133,170.360000610352,171.850006103516,170.728164672852,8301100
2021-11-09,171.25,173.929992675781,170.949996948242,173.820007324219,172.685302734375,4343000
2021-11-10,171.229995727539,172.169998168945,167.550003051758,168.259994506836,167.161575317383,8185200
2021-11-11,169.600006103516,169.600006103516,166.630004882813,166.970001220703,165.880004882813,4994900
2021-11-12,167.5,169.679992675781,167.399993896484,169.089996337891,167.986175537109,5126300
2021-11-15,169.699996948242,170.360000610352,168.520004272461,168.850006103516,167.747741699219,3856700
2021-11-16,169.25,174,169.25,171.830001831055,170.708282470703,4401000
2021-11-17,171.600006103516,172.740005493164,170.25,171.740005493164,170.618865966797,3940200
2021-11-18,172.330001831055,173.460006713867,170.360000610352,171.350006103516,170.231430053711,4044200
2021-11-19,172.149993896484,177.199996948242,170.529998779297,174.880004882813,173.738388061523,6145600
2021-11-22,174.979995727539,177.75,174.229995727539,174.240005493164,173.102569580078,5906400
2021-11-23,173.050003051758,173.429992675781,170.410003662109,172.149993896484,171.026184082031,5302100
2021-11-24,168.490005493164,172.429992675781,167.669998168945,172.029998779297,170.906982421875,4637600
2021-11-26,168.059997558594,169.679992675781,167.539993286133,168.020004272461,166.923156738281,4751100
2021-11-29,169.830001831055,171.149993896484,169.229995727539,169.869995117188,168.76106262207,5448700
2021-11-30,168.789993286133,171.550003051758,167.529998779297,169.240005493164,168.135177612305,11033700
2021-12-01,170.889999389648,173.369995117188,166.679992675781,166.699996948242,165.611770629883,6618200
2021-12-02,167.279998779297,170.550003051758,167,170,168.890228271484,4398900
2021-12-03,170.619995117188,172.070007324219,166.759994506836,170.240005493164,169.432632446289,4878500
2021-12-06,170.830001831055,171.210006713867,168.059997558594,168.910003662109,168.108947753906,5636900
2021-12-07,171.110000610352,173.350006103516,170.399993896484,171.289993286133,170.477645874023,5898700
2021-12-08,171.220001220703,171.789993286133,169.839996337891,170.25,169.442596435547,5614400
2021-12-09,169.289993286133,171.169998168945,167.990005493164,168.100006103516,167.302795410156,5171600
2021-12-10,168.5,170.240005493164,167.330001831055,169.059997558594,168.258239746094,4791100
2021-12-13,168.809997558594,169.389999389648,165.259994506836,166.839996337891,166.048751831055,5972300
2021-12-14,166.289993286133,167.080001831055,164.210006713867,165.399993896484,164.615585327148,4872200
2021-12-15,165,165.669998168945,161.820007324219,163.899993896484,163.122695922852,7144600
2021-12-16,162.699996948242,165.940002441406,162.529998779297,162.720001220703,161.948303222656,7138100
2021-12-17,161.630004882813,162.860000610352,160.550003051758,161.360000610352,160.594757080078,7705100
2021-12-20,159.339996337891,159.600006103516,155.470001220703,156.979995727539,156.23551940918,8411900
2021-12-21,166.690002441406,171.190002441406,164.710006713867,166.630004882813,165.839767456055,13862900
2021-12-22,167.240005493164,169,164.089996337891,165.440002441406,164.655410766602,5811300
2021-12-23,166.25,167.160003662109,165.440002441406,165.669998168945,164.884323120117,3876900
2021-12-27,166.520004272461,167.690002441406,165.479995727539,167.580001831055,166.785247802734,3769300
2021-12-28,167.800003051758,168.25,166.300003051758,166.419998168945,165.630752563477,2658600
2021-12-29,167.070007324219,169.800003051758,166.600006103516,168.779998779297,167.979568481445,3830900
2021-12-30,168.309997558594,170.119995117188,167.199996948242,167.490005493164,166.695693969727,2666800
2021-12-31,167.559997558594,167.720001220703,166.210006713867,166.669998168945,165.879577636719,2752000
