date,energy_sector,oxy,spstock
2019-01-02,58.4799995422363,62,2510.030029
2019-01-03,57.9000015258789,61.2400016784668,2447.889893
2019-01-04,59.8699989318848,63.2099990844727,2531.939941
2019-01-07,60.7599983215332,64.4800033569336,2549.689941
2019-01-08,61.2299995422363,64.9899978637695,2574.409912
2019-01-09,62.2000007629395,65.7799987792969,2584.959961
2019-01-10,62.3800010681152,66.1900024414063,2596.639893
2019-01-11,62.0099983215332,66.2200012207031,2596.26001
2019-01-14,61.8600006103516,65.5800018310547,2582.610107
2019-01-15,62.0800018310547,65.5199966430664,2610.300049
2019-01-16,62,65.1399993896484,2616.100098
2019-01-17,62.5699996948242,65.8300018310547,2635.959961
2019-01-18,63.8400001525879,67.0299987792969,2670.709961
2019-01-22,62.4500007629395,65.120002746582,2632.899902
2019-01-23,61.810001373291,64.5699996948242,2638.699951
2019-01-24,62.1399993896484,64.9800033569336,2642.330078
2019-01-25,62.9300003051758,66.5299987792969,2664.76001
2019-01-28,62.2999992370605,66.0800018310547,2643.850098
2019-01-29,62.4900016784668,66.4800033569336,2640
2019-01-30,63.3699989318848,66.9700012207031,2681.050049
2019-01-31,63.7799987792969,66.7799987792969,2704.100098
2019-02-01,64.8899993896484,68.0400009155273,2706.530029
2019-02-04,65.0400009155273,67.7399978637695,2724.870117
2019-02-05,65.1399993896484,67.3000030517578,2737.699951
2019-02-06,64.6600036621094,66.629997253418,2731.610107
2019-02-07,63.2299995422363,64.9199981689453,2706.050049
2019-02-08,62.939998626709,64.9599990844727,2707.879883
2019-02-11,63.2400016784668,64.8399963378906,2709.800049
2019-02-12,64.0400009155273,65.75,2744.72998
2019-02-13,64.8399963378906,65.8499984741211,2753.030029
2019-02-14,65.0699996948242,66.5699996948242,2745.72998
2019-02-15,66.120002746582,67.1900024414063,2775.600098
2019-02-19,66.3199996948242,67.629997253418,2779.76001
2019-02-20,66.5999984741211,68.25,2784.699951
2019-02-21,65.5699996948242,66.5999984741211,2774.879883
2019-02-22,65.7600021362305,65.9300003051758,2792.669922
2019-02-25,65.870002746582,66.2300033569336,2796.110107
2019-02-26,65.6600036621094,66.0400009155273,2793.899902
2019-02-27,65.9100036621094,66.6500015258789,2792.379883
2019-02-28,65.25,66.1500015258789,2784.48999
2019-03-01,66.4499969482422,67.5500030517578,2803.689941
2019-03-04,66.5699996948242,67.4499969482422,2792.810059
2019-03-05,66.3499984741211,67.5299987792969,2789.649902
2019-03-06,65.5100021362305,66.1900024414063,2771.449951
2019-03-07,65.120002746582,65.7399978637695,2748.929932
2019-03-08,63.9000015258789,62.7099990844727,2743.070068
2019-03-11,64.9000015258789,63.8800010681152,2783.300049
2019-03-12,65.3199996948242,64.1999969482422,2791.52002
2019-03-13,65.9800033569336,65.0599975585938,2810.919922
2019-03-14,66.0500030517578,65.2099990844727,2808.47998
2019-03-15,65.5100021362305,65.4700012207031,2822.47998
2019-03-18,66.4199981689453,67.0100021362305,2832.939941
2019-03-19,66.2399978637695,66.1699981689453,2832.570068
2019-03-20,66.8199996948242,67.2600021362305,2824.22998
2019-03-21,67.2900009155273,67.2399978637695,2854.879883
2019-03-22,65.4700012207031,65.2399978637695,2800.709961
2019-03-25,65.5,65.129997253418,2798.360107
2019-03-26,66.4400024414063,67.0800018310547,2818.459961
2019-03-27,65.9700012207031,66.3499984741211,2805.370117
2019-03-28,66.2200012207031,66.5699996948242,2815.439941
2019-03-29,66.120002746582,66.1999969482422,2834.399902
2019-04-01,66.9899978637695,67.1800003051758,2867.189941
2019-04-02,66.5299987792969,66.629997253418,2867.23999
2019-04-03,65.8899993896484,66.0599975585938,2873.399902
2019-04-04,66.4400024414063,66.4400024414063,2879.389893
2019-04-05,67.6100006103516,68.0400009155273,2892.73999
2019-04-08,67.9100036621094,68.370002746582,2895.77002
2019-04-09,67.0800018310547,67.2799987792969,2878.199951
2019-04-10,67.3300018310547,67.1800003051758,2888.209961
2019-04-11,67.379997253418,67.1800003051758,2888.320068
2019-04-12,67.5599975585938,65.3300018310547,2907.409912
2019-04-15,67.1600036621094,63.3600006103516,2905.580078
2019-04-16,67.5999984741211,63.6699981689453,2907.060059
2019-04-17,67.5100021362305,62.6500015258789,2900.449951
2019-04-18,67.1900024414063,61.8199996948242,2905.030029
2019-04-22,68.6100006103516,63.0499992370605,2907.969971
2019-04-23,68.5,62.3600006103516,2933.679932
2019-04-24,67.3000030517578,62,2927.25
2019-04-25,67.0899963378906,61.8400001525879,2926.169922
2019-04-26,66.2200012207031,61.310001373291,2939.879883
2019-04-29,66.1600036621094,60.1300010681152,2943.030029
2019-04-30,66.1100006103516,58.8800010681152,2945.830078
2019-05-01,64.7900009155273,57.4799995422363,2923.72998
2019-05-02,63.6599998474121,57.3499984741211,2917.52002
2019-05-03,64.25,57.9500007629395,2945.639893
2019-05-06,64.3099975585938,58.7700004577637,2932.469971
2019-05-07,63.75,59.689998626709,2884.050049
2019-05-08,63.75,60.2099990844727,2879.419922
2019-05-09,63.75,56.3300018310547,2870.719971
2019-05-10,64.0500030517578,54.9700012207031,2881.399902
2019-05-13,62.9500007629395,54.1699981689453,2811.870117
2019-05-14,63.7200012207031,54.5499992370605,2834.409912
2019-05-15,64.0500030517578,54.25,2850.959961
2019-05-16,64.4000015258789,53.75,2876.320068
2019-05-17,63.75,52.7599983215332,2859.530029
2019-05-20,63.7799987792969,53.4599990844727,2840.22998
2019-05-21,64.5199966430664,53.5099983215332,2864.360107
2019-05-22,63.5200004577637,52.7799987792969,2856.27002
2019-05-23,61.3899993896484,52.9099998474121,2822.23999
2019-05-24,61.6199989318848,53.4700012207031,2826.060059
2019-05-28,60.9799995422363,52.2799987792969,2802.389893
2019-05-29,60.5900001525879,52,2783.02002
2019-05-30,59.8199996948242,51.9099998474121,2788.860107
2019-05-31,58.7700004577637,49.7700004577637,2752.060059
2019-06-03,59.5200004577637,49.3199996948242,2744.449951
2019-06-04,60.5499992370605,49.689998626709,2803.27002
2019-06-05,59.8800010681152,47.4300003051758,2826.149902
2019-06-06,60.9900016784668,49.0400009155273,2843.48999
2019-06-07,61.2700004577637,47.8400001525879,2873.340088
2019-06-10,61.4500007629395,47.9000015258789,2886.72998
2019-06-11,61.5699996948242,49.0499992370605,2885.719971
2019-06-12,60.7000007629395,48.7900009155273,2879.840088
2019-06-13,61.4099998474121,49.7299995422363,2891.639893
2019-06-14,61.0099983215332,49.310001373291,2886.97998
2019-06-17,61.5200004577637,49.810001373291,2889.669922
2019-06-18,62.3699989318848,50.3499984741211,2917.75
2019-06-19,62.2999992370605,50.2999992370605,2926.459961
2019-06-20,63.6800003051758,51.2999992370605,2954.179932
2019-06-21,63.560001373291,50.6100006103516,2950.459961
2019-06-24,62.9900016784668,49.8899993896484,2945.350098
2019-06-25,62.4900016784668,49.3800010681152,2917.379883
2019-06-26,63.4500007629395,50.4199981689453,2913.780029
2019-06-27,62.9799995422363,49.75,2924.919922
2019-06-28,63.7099990844727,50.2799987792969,2941.76001
2019-07-01,63.7700004577637,49.7799987792969,2964.330078
2019-07-02,62.75,48.7799987792969,2973.01001
2019-07-03,63,49.1699981689453,2995.820068
2019-07-05,63.0900001525879,49.2799987792969,2990.409912
2019-07-08,63.1800003051758,49.2999992370605,2975.949951
2019-07-09,63.2299995422363,49.6100006103516,2979.629883
2019-07-10,64.0400009155273,50.2400016784668,2993.070068
2019-07-11,64.1699981689453,50.439998626709,2999.909912
2019-07-12,64.4400024414063,51.7200012207031,3013.77002
2019-07-15,63.8600006103516,51.6300010681152,3014.300049
2019-07-16,63.1800003051758,51.0999984741211,3004.040039
2019-07-17,62.4599990844727,51.1800003051758,2984.419922
2019-07-18,62.4700012207031,51.0099983215332,2995.110107
2019-07-19,62.7599983215332,52.3300018310547,2976.610107
2019-07-22,63.0499992370605,52.5099983215332,2985.030029
2019-07-23,63.2200012207031,51.7999992370605,3005.469971
2019-07-24,63.4900016784668,52.0499992370605,3019.560059
2019-07-25,62.7700004577637,51.1399993896484,3003.669922
2019-07-26,62.4500007629395,51.5900001525879,3025.860107
2019-07-29,62.2000007629395,50.9099998474121,3020.969971
2019-07-30,62.9000015258789,52.4700012207031,3013.179932
2019-07-31,62.7000007629395,51.3600006103516,2980.379883
2019-08-01,61.2799987792969,53.1699981689453,2953.560059
2019-08-02,60.4000015258789,51.1800003051758,2932.050049
2019-08-05,58.5999984741211,49.4199981689453,2844.73999
2019-08-06,58.5299987792969,47.5800018310547,2881.77002
2019-08-07,58.0900001525879,46,2883.97998
2019-08-08,59.7599983215332,47.1300010681152,2938.090088
2019-08-09,59.0999984741211,47.1300010681152,2918.649902
2019-08-12,58.4000015258789,44.9900016784668,2882.699951
2019-08-13,58.939998626709,44.7599983215332,2926.320068
2019-08-14,56.6300010681152,43.7000007629395,2840.600098
2019-08-15,56.2799987792969,43.9599990844727,2847.600098
2019-08-16,57.0200004577637,44.5699996948242,2888.679932
2019-08-19,58.2799987792969,45.5800018310547,2923.649902
2019-08-20,57.7900009155273,45.2599983215332,2900.51001
2019-08-21,58.1599998474121,45.060001373291,2924.429932
2019-08-22,57.9000015258789,44.7000007629395,2922.949951
2019-08-23,55.9599990844727,42.3699989318848,2847.110107
2019-08-26,56.2000007629395,42.1300010681152,2878.379883
2019-08-27,55.8499984741211,42.3499984741211,2869.159912
2019-08-28,56.6500015258789,43.1100006103516,2887.939941
2019-08-29,57.4799995422363,43.3699989318848,2924.580078
2019-08-30,57.4799995422363,43.4799995422363,2926.459961
2019-09-03,57.2000007629395,42.6800003051758,2906.27002
2019-09-04,58,43.5800018310547,2937.780029
2019-09-05,58.7200012207031,45.0900001525879,2976
2019-09-06,59.0299987792969,45.4599990844727,2978.709961
2019-09-09,60.2099990844727,44.9700012207031,2978.429932
2019-09-10,60.9199981689453,46.4300003051758,2979.389893
2019-09-11,60.9799995422363,46.2900009155273,3000.929932
2019-09-12,60.5999984741211,45.4000015258789,3009.570068
2019-09-13,61.0800018310547,45.0900001525879,3007.389893
2019-09-16,63.1300010681152,47.7999992370605,2997.959961
2019-09-17,62.25,45.1500015258789,3005.699951
2019-09-18,61.9500007629395,44.6199989318848,3006.72998
2019-09-19,61.7900009155273,45.7900009155273,3006.790039
2019-09-20,61.2799987792969,45.7000007629395,2992.070068
2019-09-23,61.2999992370605,45.5,2991.780029
2019-09-24,60.3300018310547,45.4700012207031,2966.600098
2019-09-25,60.4300003051758,45.3300018310547,2984.870117
2019-09-26,59.6399993896484,45.3499984741211,2977.620117
2019-09-27,59.6300010681152,45.1399993896484,2961.790039
2019-09-30,59.2000007629395,44.4700012207031,2976.73999
2019-10-01,57.8300018310547,43.7700004577637,2940.25
2019-10-02,56.4099998474121,42.939998626709,2887.610107
2019-10-03,57.0200004577637,43.2000007629395,2910.629883
2019-10-04,57.3800010681152,43.0699996948242,2952.01001
2019-10-07,56.8699989318848,42.1800003051758,2938.790039
2019-10-08,55.9000015258789,40.8300018310547,2893.060059
2019-10-09,56.4099998474121,40.8400001525879,2919.399902
2019-10-10,57.1199989318848,41.0299987792969,2938.129883
2019-10-11,57.8899993896484,41.1199989318848,2970.27002
2019-10-14,57.8600006103516,40.5099983215332,2966.149902
2019-10-15,58.0999984741211,40.7999992370605,2995.679932
2019-10-16,57.2900009155273,40.3400001525879,2989.689941
2019-10-17,57.3300018310547,40.3300018310547,2997.949951
2019-10-18,57.0299987792969,40.4500007629395,2986.199951
2019-10-21,58.0499992370605,40.8199996948242,3006.719971
2019-10-22,58.7999992370605,42.2200012207031,2995.98999
2019-10-23,59.2900009155273,42.9199981689453,3004.52002
2019-10-24,59.0400009155273,42.2900009155273,3010.290039
2019-10-25,59.5200004577637,42.5299987792969,3022.550049
2019-10-28,59.1800003051758,42.2799987792969,3039.419922
2019-10-29,59.4199981689453,42.3300018310547,3036.889893
2019-10-30,58.2099990844727,41.3600006103516,3046.77002
2019-10-31,57.9599990844727,40.5,3037.560059
2019-11-01,59.2799987792969,42.2900009155273,3066.909912
2019-11-04,61.2099990844727,44.2299995422363,3078.27002
2019-11-05,61.2900009155273,41.9099998474121,3074.620117
2019-11-06,60.0400009155273,39.6100006103516,3076.780029
2019-11-07,60.939998626709,39.0299987792969,3085.179932
2019-11-08,60.689998626709,40.0999984741211,3093.080078
2019-11-11,60.3499984741211,38.8800010681152,3087.01001
2019-11-12,60.0400009155273,38.439998626709,3091.840088
2019-11-13,59.7799987792969,38.1199989318848,3094.040039
2019-11-14,59.6199989318848,37.7599983215332,3096.629883
2019-11-15,60.0800018310547,38.9500007629395,3120.459961
2019-11-18,59.3499984741211,39.2999992370605,3122.030029
2019-11-19,58.4700012207031,38.1399993896484,3120.179932
2019-11-20,59.060001373291,38.4799995422363,3108.459961
2019-11-21,60.0299987792969,39.1199989318848,3103.540039
2019-11-22,59.8300018310547,39.5800018310547,3110.290039
2019-11-25,59.8899993896484,39.9300003051758,3133.639893
2019-11-26,59.3400001525879,38.5699996948242,3140.52002
2019-11-27,59.4900016784668,38.75,3153.629883
2019-11-29,58.8899993896484,38.5699996948242,3140.97998
2019-12-02,58.8899993896484,38.6800003051758,3113.870117
2019-12-03,58.0099983215332,38.0200004577637,3093.199951
2019-12-04,58.8800010681152,38.4500007629395,3112.76001
2019-12-05,58.5999984741211,37.9799995422363,3117.429932
2019-12-06,59.7200012207031,39.0099983215332,3145.909912
2019-12-09,59.6500015258789,37.3400001525879,3135.959961
2019-12-10,59.7700004577637,37.5699996948242,3132.52002
2019-12-11,59.6699981689453,37.5400009155273,3141.629883
2019-12-12,60.7700004577637,38.25,3168.570068
2019-12-13,60.310001373291,37.7099990844727,3168.800049
2019-12-16,61.1199989318848,38.3199996948242,3191.449951
2019-12-17,61.1599998474121,38.3199996948242,3192.52002
2019-12-18,61.3899993896484,38.6699981689453,3191.139893
2019-12-19,61.3699989318848,38.7000007629395,3205.370117
2019-12-20,61.3600006103516,39.0099983215332,3221.219971
2019-12-23,61.9900016784668,39.7099990844727,3224.01001
2019-12-24,61.9599990844727,39.8899993896484,3223.379883
2019-12-26,61.939998626709,40.1500015258789,3239.909912
2019-12-27,61.6800003051758,40.1599998474121,3240.02002
2019-12-30,59.7000007629395,40.7000007629395,3221.290039
2019-12-31,60.0400009155273,41.2099990844727,3230.780029
2020-01-02,60.5800018310547,42.5800018310547,3257.850098
2020-01-03,60.4000015258789,43.6100006103516,3234.850098
2020-01-06,60.8699989318848,45.0499992370605,3246.280029
2020-01-07,60.7099990844727,45.2700004577637,3237.179932
2020-01-08,59.7099990844727,44.9799995422363,3253.050049
2020-01-09,60.1500015258789,45.3699989318848,3274.699951
2020-01-10,59.810001373291,45.9000015258789,3265.350098
2020-01-13,59.8300018310547,46.5699996948242,3288.129883
2020-01-14,59.8400001525879,47.2400016784668,3283.149902
2020-01-15,59.4000015258789,47.2599983215332,3289.290039
2020-01-16,59.5,46.6699981689453,3316.810059
2020-01-17,59.1199989318848,45.8300018310547,3329.620117
2020-01-21,58.060001373291,44.3199996948242,3320.790039
2020-01-22,57.5,43.2900009155273,3321.75
2020-01-23,57.2799987792969,42.5200004577637,3325.540039
2020-01-24,56.6199989318848,42.2200012207031,3295.469971
2020-01-27,55.0499992370605,41.2400016784668,3243.629883
2020-01-28,55.2999992370605,41.2000007629395,3276.23999
2020-01-29,54.7200012207031,40.4700012207031,3273.399902
2020-01-30,55.1599998474121,40.5900001525879,3283.659912
2020-01-31,53.439998626709,39.7200012207031,3225.52002
2020-02-03,52.7400016784668,40.0800018310547,3248.919922
2020-02-04,52.9300003051758,40.5,3297.590088
2020-02-05,54.9199981689453,42.1199989318848,3334.689941
2020-02-06,54.3600006103516,42.1199989318848,3345.780029
2020-02-07,53.9799995422363,41.8899993896484,3327.709961
2020-02-10,53.7099990844727,40.5,3352.090088
2020-02-11,54.310001373291,41.1699981689453,3357.75
2020-02-12,55.0400009155273,42.4900016784668,3379.449951
2020-02-13,54.8699989318848,42.0400009155273,3373.939941
2020-02-14,54.5800018310547,41.5999984741211,3380.159912
2020-02-18,54.1300010681152,41.560001373291,3370.290039
2020-02-19,54.8499984741211,42.5099983215332,3386.149902
2020-02-20,54.7900009155273,42.9700012207031,3373.22998
2020-02-21,54.1399993896484,42.1199989318848,3337.75
2020-02-24,51.6399993896484,39.4799995422363,3225.889893
2020-02-25,49.3600006103516,36.189998626709,3128.209961
2020-02-26,47.8699989318848,34.2200012207031,3116.389893
2020-02-27,45.310001373291,31.8099994659424,2978.76001
2020-02-28,45.2700004577637,32.7400016784668,2954.219971
2020-03-02,47.0999984741211,32.9500007629395,3090.22998
2020-03-03,45.6599998474121,32.9900016784668,3003.370117
2020-03-04,46.7400016784668,32.9300003051758,3130.120117
2020-03-05,45.0299987792969,31.4799995422363,3023.939941
2020-03-06,42.5,26.8600006103516,2972.370117
2020-03-09,33.939998626709,12.5100002288818,2746.560059
2020-03-10,35.5499992370605,14.3400001525879,2882.22998
2020-03-11,33.6699981689453,11.8000001907349,2741.379883
2020-03-12,29.4699993133545,11.8900003433228,2480.639893
2020-03-13,32.189998626709,14.2600002288818,2711.02002
2020-03-16,27.8099994659424,12.0200004577637,2386.129883
2020-03-17,28,11.3400001525879,2529.189941
2020-03-18,23.9799995422363,10.5299997329712,2398.100098
2020-03-19,25.6100006103516,10.8299999237061,2409.389893
2020-03-20,25.8600006103516,10.2299995422363,2304.919922
2020-03-23,23.5699996948242,9.6899995803833,2237.399902
2020-03-24,27.3500003814697,10.7200002670288,2447.330078
2020-03-25,28.6399993896484,12,2475.560059
2020-03-26,30.3899993896484,12.8299999237061,2630.070068
2020-03-27,28.3299999237061,11.6099996566772,2541.469971
2020-03-30,28.6200008392334,11.0100002288818,2626.649902
2020-03-31,29.0599994659424,11.5799999237061,2584.590088
2020-04-01,27.6200008392334,10.7399997711182,2470.5
2020-04-02,30.1499996185303,12.7700004577637,2526.899902
2020-04-03,29.8299999237061,13,2488.649902
2020-04-06,31.4099998474121,13.4399995803833,2663.679932
2020-04-07,32.0800018310547,13.8400001525879,2659.409912
2020-04-08,34.2200012207031,15.5600004196167,2749.97998
2020-04-09,33.9099998474121,15.3599996566772,2789.820068
2020-04-13,33.7999992370605,15.3299999237061,2761.629883
2020-04-14,33.6399993896484,14.8999996185303,2846.060059
2020-04-15,32.060001373291,13.6099996566772,2783.360107
2020-04-16,30.6900005340576,12.1999998092651,2799.550049
2020-04-17,33.9500007629395,13.6300001144409,2874.560059
2020-04-20,32.8899993896484,12.5900001525879,2823.159912
2020-04-21,32.310001373291,12.3400001525879,2736.560059
2020-04-22,33.4599990844727,13.0200004577637,2799.310059
2020-04-23,34.5400009155273,13.8699998855591,2797.800049
2020-04-24,34.6199989318848,13.8100004196167,2836.73999
2020-04-27,35.3699989318848,14.1499996185303,2878.47998
2020-04-28,36.1800003051758,15.1700000762939,2863.389893
2020-04-29,38.8600006103516,16.7800006866455,2939.51001
2020-04-30,38,16.6000003814697,2912.429932
2020-05-01,35.8499984741211,15.2399997711182,2830.709961
2020-05-04,37.0900001525879,15.5200004577637,2842.73999
2020-05-05,37.1199989318848,15.3199996948242,2868.439941
2020-05-06,36.1500015258789,13.3999996185303,2848.419922
2020-05-07,37.0900001525879,13.8800001144409,2881.189941
2020-05-08,38.7799987792969,15.0200004577637,2929.800049
2020-05-11,38.0999984741211,15.0299997329712,2930.189941
2020-05-12,37.4300003051758,14.5799999237061,2870.120117
2020-05-13,35.7299995422363,13.4399995803833,2820
2020-05-14,36.1300010681152,13.7600002288818,2852.5
2020-05-15,35.9900016784668,13.8199996948242,2863.699951
2020-05-18,38.9300003051758,15.0699996948242,2953.909912
2020-05-19,37.8400001525879,14.3699998855591,2922.939941
2020-05-20,39.3499984741211,14.9899997711182,2971.610107
2020-05-21,38.7200012207031,14.25,2948.51001
2020-05-22,38.4799995422363,14.1300001144409,2955.449951
2020-05-26,39.5499992370605,14.3999996185303,2991.77002
2020-05-27,40.060001373291,14.4200000762939,3036.129883
2020-05-28,38.939998626709,13.6400003433228,3029.72998
2020-05-29,38.7599983215332,12.9499998092651,3044.310059
2020-06-01,39.439998626709,13.8100004196167,3055.72998
2020-06-02,40.5400009155273,14.75,3080.820068
2020-06-03,41.7299995422363,15.4499998092651,3122.870117
2020-06-04,41.7400016784668,15.5500001907349,3112.350098
2020-06-05,44.8400001525879,20.7900009155273,3193.929932
2020-06-08,46.8600006103516,24.3999996185303,3232.389893
2020-06-09,45.0999984741211,23.1800003051758,3207.179932
2020-06-10,42.8800010681152,20.7600002288818,3190.139893
2020-06-11,38.8400001525879,17.4099998474121,3002.100098
2020-06-12,39.8199996948242,18.5,3041.310059
2020-06-15,39.939998626709,19.0499992370605,3066.590088
2020-06-16,41.0900001525879,20.2900009155273,3124.73999
2020-06-17,39.689998626709,19.0400009155273,3113.48999
2020-06-18,40.1800003051758,19.6700000762939,3115.340088
2020-06-19,39.5699996948242,19.7099990844727,3097.73999
2020-06-22,39.25,19.9099998474121,3117.860107
2020-06-23,39.2900009155273,19.7900009155273,3131.290039
2020-06-24,37.1100006103516,18,3050.330078
2020-06-25,37.8199996948242,18.5400009155273,3083.76001
2020-06-26,36.5099983215332,17.6900005340576,3009.050049
2020-06-29,37,17.8600006103516,3053.23999
2020-06-30,37.8499984741211,18.2999992370605,3100.290039
2020-07-01,36.9300003051758,17.4099998474121,3115.860107
2020-07-02,37.3400001525879,17.7800006866455,3130.01001
2020-07-06,37.4500007629395,18.1800003051758,3179.719971
2020-07-07,36.2599983215332,17.1499996185303,3145.320068
2020-07-08,36.2299995422363,17.2800006866455,3169.939941
2020-07-09,34.439998626709,16.2800006866455,3152.050049
2020-07-10,35.5400009155273,16.7099990844727,3185.040039
2020-07-13,35.3499984741211,16.1599998474121,3155.219971
2020-07-14,36.5900001525879,16.6800003051758,3197.52002
2020-07-15,37.3800010681152,17.1800003051758,3226.560059
2020-07-16,37.2099990844727,17.0100002288818,3215.570068
2020-07-17,36.689998626709,16.2800006866455,3224.72998
2020-07-20,36.0800018310547,15.6899995803833,3251.840088
2020-07-21,38.2599983215332,17.4099998474121,3257.300049
2020-07-22,37.7900009155273,16.9500007629395,3276.02002
2020-07-23,37.7200012207031,16.8199996948242,3235.659912
2020-07-24,37.5099983215332,16.7399997711182,3215.629883
2020-07-27,37.5499992370605,16.7000007629395,3239.409912
2020-07-28,36.9099998474121,16.3500003814697,3218.439941
2020-07-29,37.6800003051758,17.0300006866455,3258.439941
2020-07-30,36.2000007629395,15.7700004577637,3246.219971
2020-07-31,36.0299987792969,15.7399997711182,3271.120117
2020-08-03,36.1599998474121,15.25,3294.610107
2020-08-04,37.0400009155273,15.7399997711182,3306.51001
2020-08-05,37.4300003051758,15.9399995803833,3327.77002
2020-08-06,37.1300010681152,15.4499998092651,3349.159912
2020-08-07,37.1800003051758,15.4499998092651,3351.280029
2020-08-10,38.3300018310547,16.4799995422363,3360.469971
2020-08-11,38.2000007629395,15.1599998474121,3333.689941
2020-08-12,38.5800018310547,14.9200000762939,3380.350098
2020-08-13,37.8300018310547,14.6000003814697,3373.429932
2020-08-14,38.189998626709,14.6400003433228,3372.850098
2020-08-17,37.9700012207031,13.9099998474121,3381.98999
2020-08-18,37.4900016784668,13.9499998092651,3389.780029
2020-08-19,37.060001373291,13.8199996948242,3374.850098
2020-08-20,36.2599983215332,13.3999996185303,3385.51001
2020-08-21,36.0299987792969,13.1599998474121,3397.159912
2020-08-24,37.0200004577637,13.6199998855591,3431.280029
2020-08-25,36.5,13.5100002288818,3443.620117
2020-08-26,35.7299995422363,12.960000038147,3478.72998
2020-08-27,35.7999992370605,13.039999961853,3484.550049
2020-08-28,36.439998626709,13.1300001144409,3508.01001
2020-08-31,35.6500015258789,12.7399997711182,3500.310059
2020-09-01,35.4099998474121,12.4799995422363,3526.649902
2020-09-02,35.2400016784668,12.3999996185303,3580.840088
2020-09-03,34.9799995422363,12.5900001525879,3455.060059
2020-09-04,34.8699989318848,12.25,3426.959961
2020-09-08,33.5999984741211,11.0600004196167,3331.840088
2020-09-09,33.8300018310547,11.0699996948242,3398.959961
2020-09-10,32.5900001525879,10.1899995803833,3339.189941
2020-09-11,32.6199989318848,10.2200002670288,3340.969971
2020-09-14,32.8699989318848,10.1700000762939,3383.540039
2020-09-15,32.6300010681152,10.710000038147,3401.199951
2020-09-16,33.939998626709,11.6400003433228,3385.48999
2020-09-17,33.9900016784668,11.8599996566772,3357.01001
2020-09-18,33.6100006103516,11.6499996185303,3319.469971
2020-09-21,31.9699993133545,11.289999961853,3281.060059
2020-09-22,31.6399993896484,11.0799999237061,3315.570068
2020-09-23,30.2099990844727,10.4099998474121,3236.919922
2020-09-24,30.2000007629395,10.6400003433228,3246.590088
2020-09-25,30.1800003051758,10.2200002670288,3298.459961
2020-09-28,30.8899993896484,10.3400001525879,3351.600098
2020-09-29,30.0400009155273,9.98999977111816,3335.469971
2020-09-30,29.9500007629395,10.0100002288818,3363
2020-10-01,29.0300006866455,9.68000030517578,3380.800049
2020-10-02,29.3099994659424,9.86999988555908,3348.419922
2020-10-05,30.1900005340576,10.5100002288818,3408.600098
2020-10-06,29.7399997711182,10.1300001144409,3360.969971
2020-10-07,30.1599998474121,10.2799997329712,3419.439941
2020-10-08,31.2900009155273,11.1800003051758,3446.830078
2020-10-09,30.7900009155273,10.8199996948242,3477.139893
2020-10-12,30.8700008392334,10.8100004196167,3534.219971
2020-10-13,30.3899993896484,10.5200004577637,3511.929932
2020-10-14,30.5200004577637,10.4499998092651,3488.669922
2020-10-15,30.8899993896484,10.6099996566772,3483.340088
2020-10-16,30.1900005340576,10.0900001525879,3483.810059
2020-10-19,29.5499992370605,9.81999969482422,3426.919922
2020-10-20,29.8999996185303,10.0699996948242,3443.120117
2020-10-21,29.3299999237061,9.65999984741211,3435.560059
2020-10-22,30.5400009155273,10.1700000762939,3453.48999
2020-10-23,30.3899993896484,10.0200004577637,3465.389893
2020-10-26,29.2999992370605,9.46000003814697,3400.969971
2020-10-27,28.9200000762939,9.27000045776367,3390.679932
2020-10-28,27.7099990844727,8.88000011444092,3271.030029
2020-10-29,28.5599994659424,9.13000011444092,3310.110107
2020-10-30,28.7199993133545,9.13000011444092,3269.959961
2020-11-02,29.7000007629395,9.64999961853027,3310.23999
2020-11-03,29.5300006866455,9.6899995803833,3369.159912
2020-11-04,29.5699996948242,9.8100004196167,3443.439941
2020-11-05,29.5699996948242,10.4700002670288,3510.449951
2020-11-06,28.9300003051758,10.0100002288818,3509.439941
2020-11-09,33.060001373291,12.2299995422363,3550.5
2020-11-10,34.1300010681152,12.3800001144409,3545.530029
2020-11-11,33.7799987792969,11.8999996185303,3572.659912
2020-11-12,32.689998626709,11.3100004196167,3537.01001
2020-11-13,33.8800010681152,11.8000001907349,3585.149902
2020-11-16,36.1100006103516,12.6999998092651,3626.909912
2020-11-17,36.4799995422363,12.9899997711182,3609.530029
2020-11-18,35.4199981689453,12.8699998855591,3567.790039
2020-11-19,36,13.3599996566772,3581.870117
2020-11-20,35.810001373291,13.4899997711182,3557.540039
2020-11-23,38.3400001525879,15.7600002288818,3577.590088
2020-11-24,40.310001373291,16.7800006866455,3635.409912
2020-11-25,39.3699989318848,16.7199993133545,3629.649902
2020-11-27,38.9099998474121,16.5599994659424,3638.350098
2020-11-30,36.7599983215332,15.7600002288818,3621.629883
2020-12-01,36.9300003051758,15.1300001144409,3662.449951
2020-12-02,38.1300010681152,15.8900003433228,3669.01001
2020-12-03,38.5299987792969,16.3899993896484,3666.719971
2020-12-04,40.6300010681152,18.5900001525879,3699.120117
2020-12-07,39.6800003051758,18.1900005340576,3691.959961
2020-12-08,40.2700004577637,19.1299991607666,3702.25
2020-12-09,40.3600006103516,19.3899993896484,3672.820068
2020-12-10,41.5999984741211,21.3099994659424,3668.100098
2020-12-11,41.1199989318848,20.8899993896484,3663.459961
2020-12-14,39.6800003051758,19.1700000762939,3647.48999
2020-12-15,40.4599990844727,19.8400001525879,3694.620117
2020-12-16,40.2599983215332,19.4500007629395,3701.169922
2020-12-17,40.0699996948242,19.1800003051758,3722.47998
2020-12-18,39.4000015258789,18.5200004577637,3709.409912
2020-12-21,38.1300010681152,17.4699993133545,3694.919922
2020-12-22,37.4900016784668,16.9200000762939,3687.26001
2020-12-23,38.3199996948242,17.8899993896484,3690.01001
2020-12-24,38.1199989318848,17.6700000762939,3703.060059
2020-12-28,37.8800010681152,17.3999996185303,3735.360107
2020-12-29,37.6300010681152,17.2399997711182,3727.040039
2020-12-30,38.2200012207031,17.9099998474121,3732.040039
2020-12-31,37.9000015258789,17.3099994659424,3756.070068
2021-01-04,37.9599990844727,17.4500007629395,3700.649902
2021-01-05,39.6599998474121,19.2099990844727,3726.860107
2021-01-06,40.8699989318848,20,3748.139893
2021-01-07,41.4700012207031,20.5699996948242,3803.790039
2021-01-08,41.4199981689453,20.0799999237061,3824.679932
2021-01-11,42.0699996948242,20.0799999237061,3799.610107
2021-01-12,43.5400009155273,22.6200008392334,3801.189941
2021-01-13,43.2000007629395,22.3299999237061,3809.840088
2021-01-14,44.4799995422363,24.2399997711182,3795.540039
2021-01-15,42.75,22.3899993896484,3768.25
2021-01-19,43.6100006103516,23.0699996948242,3798.909912
2021-01-20,43.7700004577637,23.0200004577637,3851.850098
2021-01-21,42.2900009155273,21.5400009155273,3853.070068
2021-01-22,42.0699996948242,21.4899997711182,3841.469971
2021-01-25,41.6399993896484,21.5100002288818,3855.360107
2021-01-26,40.75,20.3799991607666,3849.620117
2021-01-27,40.2000007629395,20.5799999237061,3750.77002
2021-01-28,40.6699981689453,20.9500007629395,3787.379883
2021-01-29,39.3199996948242,20.0599994659424,3714.23999
2021-02-01,39.5999984741211,20.3899993896484,3773.860107
2021-02-02,40.0299987792969,20.7299995422363,3826.310059
2021-02-03,41.7400016784668,22.0200004577637,3830.169922
2021-02-04,42.2000007629395,22.2999992370605,3871.73999
2021-02-05,42.560001373291,22.5599994659424,3886.830078
2021-02-08,44.3400001525879,25.4500007629395,3915.590088
2021-02-09,43.8699989318848,24.6499996185303,3911.22998
2021-02-10,44.7099990844727,25.6000003814697,3909.879883
2021-02-11,44.0200004577637,24.9799995422363,3916.379883
2021-02-12,44.6699981689453,25.3899993896484,3934.830078
2021-02-16,45.7900009155273,26.4599990844727,3932.590088
2021-02-17,46.4700012207031,26.7299995422363,3931.330078
2021-02-18,45.4199981689453,25.2800006866455,3913.969971
2021-02-19,46.1800003051758,25.4200000762939,3906.709961
2021-02-22,47.7799987792969,26.4699993133545,3876.5
2021-02-23,48.5699996948242,26.0599994659424,3881.370117
2021-02-24,50.2900009155273,28.1599998474121,3925.429932
2021-02-25,49.3199996948242,26.75,3829.340088
2021-02-26,48.1500015258789,26.6100006103516,3811.149902
2021-03-01,49.4000015258789,27.6399993896484,3901.820068
2021-03-02,49.1300010681152,27.8199996948242,3870.290039
2021-03-03,49.8499984741211,28.6599998474121,3819.719971
2021-03-04,51.0400009155273,29.8999996185303,3768.469971
2021-03-05,52.9500007629395,31.2299995422363,3841.939941
2021-03-08,53.0499992370605,29.7700004577637,3821.350098
2021-03-09,52.1199989318848,28.6499996185303,3875.439941
2021-03-10,53.439998626709,29.3600006103516,3898.810059
2021-03-11,53.4599990844727,30.9799995422363,3939.340088
2021-03-12,53.5699996948242,30.6299991607666,3943.340088
2021-03-15,52.9599990844727,29.2999992370605,3968.939941
2021-03-16,51.4500007629395,28.1700000762939,3962.709961
2021-03-17,51.8499984741211,29.0400009155273,3974.120117
2021-03-18,49.5200004577637,26.6200008392334,3915.459961
2021-03-19,49.5299987792969,28.1000003814697,3913.100098
2021-03-22,48.5400009155273,27.4599990844727,3940.590088
2021-03-23,47.8300018310547,26.5900001525879,3910.52002
2021-03-24,49.0299987792969,27.0599994659424,3889.139893
2021-03-25,49.2099990844727,26.7000007629395,3909.52002
2021-03-26,50.4300003051758,27.7600002288818,3974.540039
2021-03-29,49.8300018310547,27,3971.090088
2021-03-30,49.4000015258789,27.3299999237061,3958.550049
2021-03-31,49.060001373291,26.6200008392334,3972.889893
2021-04-01,50.310001373291,27.3799991607666,4019.870117
2021-04-05,49.1100006103516,25.3099994659424,4077.909912
2021-04-06,48.9799995422363,25.3500003814697,4073.939941
2021-04-07,49.1500015258789,25.2999992370605,4079.949951
2021-04-08,48.5099983215332,24.7299995422363,4097.169922
2021-04-09,48.189998626709,24.5900001525879,4128.799805
2021-04-12,47.810001373291,24.2299995422363,4127.990234
2021-04-13,47.8600006103516,24.2900009155273,4141.589844
2021-04-14,49.189998626709,25.5499992370605,4124.660156
2021-04-15,48.7900009155273,24.8600006103516,4170.419922
2021-04-16,48.4000015258789,24.3799991607666,4185.470215
2021-04-19,48.3499984741211,24.5400009155273,4163.259766
2021-04-20,47.0699996948242,23.2000007629395,4134.939941
2021-04-21,47.6699981689453,24.4500007629395,4173.419922
2021-04-22,47.1100006103516,24.1000003814697,4134.97998
2021-04-23,47.5400009155273,24.6499996185303,4180.169922
2021-04-26,47.8600006103516,24.8999996185303,4187.620117
2021-04-27,48.439998626709,25.0900001525879,4186.720215
2021-04-28,50.1100006103516,26.1000003814697,4183.180176
2021-04-29,50.6699981689453,25.9400005340576,4211.470215
2021-04-30,49.3899993896484,25.3600006103516,4181.169922
2021-05-03,50.75,26.1399993896484,4192.660156
2021-05-04,50.7799987792969,25.8600006103516,4164.660156
2021-05-05,52.4199981689453,27.0499992370605,4167.589844
2021-05-06,52.689998626709,26.6499996185303,4201.620117
2021-05-07,53.6300010681152,27.3899993896484,4232.600098
2021-05-10,53.6500015258789,26.6299991607666,4188.430176
2021-05-11,52.2700004577637,24.5300006866455,4152.100098
2021-05-12,52.5200004577637,25.1200008392334,4063.040039
2021-05-13,51.8800010681152,23.7099990844727,4112.5
2021-05-14,53.4900016784668,25.1000003814697,4173.850098
2021-05-17,54.7299995422363,26.3899993896484,4163.290039
2021-05-18,53.4599990844727,25.8700008392334,4127.830078
2021-05-19,52.1300010681152,25.0699996948242,4115.680176
2021-05-20,52.0499992370605,24.9500007629395,4159.120117
2021-05-21,52.1599998474121,25.1200008392334,4155.859863
2021-05-24,52.6800003051758,25.4400005340576,4197.049805
2021-05-25,51.6100006103516,24.6200008392334,4188.129883
2021-05-26,52.0699996948242,25.2900009155273,4195.990234
2021-05-27,52.1100006103516,26.0699996948242,4200.879883
2021-05-28,52.2099990844727,25.9599990844727,4204.109863
2021-06-01,54.2200012207031,28.4699993133545,4202.040039
2021-06-02,55.2299995422363,29.2299995422363,4208.120117
2021-06-03,55.3800010681152,29.2800006866455,4192.850098
2021-06-04,55.75,29.1399993896484,4229.890137
2021-06-07,55.5099983215332,29.1599998474121,4226.52002
2021-06-08,55.9900016784668,29.1900005340576,4227.259766
2021-06-09,55.6399993896484,28.3500003814697,4219.549805
2021-06-10,55.5699996948242,28.3299999237061,4239.180176
2021-06-11,55.3800010681152,28.3299999237061,4247.439941
2021-06-14,55.1399993896484,28.2800006866455,4255.149902
2021-06-15,56.189998626709,29.2000007629395,4246.589844
2021-06-16,55.8899993896484,30.5400009155273,4223.700195
2021-06-17,53.9900016784668,28.2199993133545,4221.859863
2021-06-18,52.3899993896484,27.9899997711182,4166.450195
2021-06-21,54.0699996948242,29.5,4224.790039
2021-06-22,54.4300003051758,30.0100002288818,4246.439941
2021-06-23,54.5800018310547,30.9599990844727,4241.839844
2021-06-24,55.0499992370605,31.7399997711182,4266.490234
2021-06-25,55.3400001525879,32.9099998474121,4280.700195
2021-06-28,53.4700012207031,31.2399997711182,4290.609863
2021-06-29,53.2099990844727,31.2999992370605,4291.799805
2021-06-30,53.8699989318848,31.2700004577637,4297.5
2021-07-01,54.810001373291,32.8600006103516,4319.939941
2021-07-02,54.689998626709,32.5800018310547,4352.339844
2021-07-06,52.9099998474121,30.5100002288818,4343.540039
2021-07-07,52.0499992370605,29.4799995422363,4358.129883
2021-07-08,51.75,29.6599998474121,4320.819824
2021-07-09,52.8499984741211,30.2399997711182,4369.549805
2021-07-12,52.7700004577637,29.9899997711182,4384.629883
2021-07-13,52.3699989318848,30.0799999237061,4369.209961
2021-07-14,50.810001373291,27.8299999237061,4374.299805
2021-07-15,50.0999984741211,27.2299995422363,4360.029785
2021-07-16,48.6800003051758,25.9400005340576,4327.160156
2021-07-19,46.9599990844727,24.8199996948242,4258.490234
2021-07-20,47.5900001525879,25.3700008392334,4323.060059
2021-07-21,49.25,27.1800003051758,4358.689941
2021-07-22,48.7000007629395,27.0100002288818,4367.47998
2021-07-23,48.5200004577637,26.5799999237061,4411.790039
2021-07-26,49.7200012207031,27.1200008392334,4422.299805
2021-07-27,49.2599983215332,26.2600002288818,4401.459961
2021-07-28,49.7099990844727,26.8999996185303,4400.640137
2021-07-29,50.189998626709,26.7800006866455,4419.149902
2021-07-30,49.3899993896484,26.1000003814697,4395.259766
2021-08-02,49.0200004577637,25.7900009155273,4387.160156
2021-08-03,49.8600006103516,26.4300003051758,4423.149902
2021-08-04,48.5099983215332,25.6900005340576,4402.660156
2021-08-05,49.060001373291,26.1900005340576,4429.100098
2021-08-06,49.5099983215332,26.3899993896484,4436.52002
2021-08-09,48.810001373291,25.6100006103516,4432.350098
2021-08-10,49.6699981689453,26.2600002288818,4436.75
2021-08-11,50.060001373291,26.8400001525879,4442.410156
2021-08-12,50.0099983215332,26.8700008392334,4460.830078
2021-08-13,49.4199981689453,25.7900009155273,4468
2021-08-16,48.5099983215332,24.7900009155273,4479.709961
2021-08-17,48.0099983215332,24.0799999237061,4448.080078
2021-08-18,47.0099983215332,23.4500007629395,4400.27002
2021-08-19,45.7900009155273,22.0900001525879,4405.799805
2021-08-20,45.8899993896484,21.9500007629395,4441.669922
2021-08-23,47.6100006103516,23.4699993133545,4479.529785
2021-08-24,48.4000015258789,24.3799991607666,4486.22998
2021-08-25,48.7700004577637,24.6299991607666,4496.189941
2021-08-26,48.0299987792969,24,4470
2021-08-27,49.310001373291,25.6599998474121,4509.370117
2021-08-30,48.7299995422363,25.25,4528.790039
2021-08-31,48.4000015258789,25.6900005340576,4522.680176
2021-09-01,47.689998626709,25.0799999237061,4524.089844
2021-09-02,48.9000015258789,26.5799999237061,4536.950195
2021-09-03,48.6199989318848,25.9200000762939,4535.430176
2021-09-07,48.3300018310547,25.6599998474121,4520.029785
2021-09-08,47.7099990844727,24.9099998474121,4514.069824
2021-09-09,47.810001373291,25.0699996948242,4493.279785
2021-09-10,47.7900009155273,24.9799995422363,4458.580078
2021-09-13,49.1599998474121,26.6499996185303,4468.72998
2021-09-14,48.4500007629395,26.2800006866455,4443.049805
2021-09-15,50.2599983215332,27.8799991607666,4480.700195
2021-09-16,49.689998626709,27.3299999237061,4473.75
2021-09-17,49.3199996948242,26.9400005340576,4432.990234
2021-09-20,47.2400016784668,25.4799995422363,4357.72998
2021-09-21,47.3499984741211,25.4300003051758,4354.189941
2021-09-22,48.810001373291,26.75,4395.640137
2021-09-23,50.5200004577637,27.9599990844727,4448.97998
2021-09-24,50.9000015258789,28.1000003814697,4455.47998
2021-09-27,52.7099990844727,30.1900005340576,4443.109863
2021-09-28,52.8899993896484,29.8999996185303,4352.629883
2021-09-29,52.8899993896484,30.0300006866455,4359.459961
2021-09-30,52.0900001525879,29.5799999237061,4307.540039
2021-10-01,53.8400001525879,31.1499996185303,4357.040039
2021-10-04,54.7200012207031,31.8099994659424,4300.459961
2021-10-05,55.0400009155273,32.7700004577637,4345.720215
2021-10-06,54.4599990844727,32,4363.549805
2021-10-07,54.8800010681152,32.4799995422363,4399.759766
2021-10-08,56.5699996948242,33.6300010681152,4391.339844
2021-10-11,56.3600006103516,33.3899993896484,4361.189941
2021-10-12,56.4099998474121,33.0099983215332,4350.649902
2021-10-13,56.3600006103516,32.2799987792969,4363.799805
2021-10-14,57.0499992370605,31.9899997711182,4438.259766
2021-10-15,57.3300018310547,31.6599998474121,4471.370117
2021-10-18,57.3699989318848,32.9300003051758,4486.459961
2021-10-19,58.0200004577637,32.939998626709,4519.629883
2021-10-20,58.4900016784668,33.3600006103516,4536.189941
2021-10-21,57.4099998474121,32.7999992370605,4549.779785
2021-10-22,57.9500007629395,33.9300003051758,4544.899902
2021-10-25,58.7999992370605,35.2200012207031,4566.47998
2021-10-26,59.1399993896484,35.3600006103516,4574.790039
2021-10-27,57.439998626709,33.2999992370605,4551.680176
2021-10-28,57.8499984741211,33.8300018310547,4596.419922
2021-10-29,57.4700012207031,33.5299987792969,4605.379883
2021-11-01,58.4599990844727,34.810001373291,4613.669922
2021-11-02,57.9099998474121,34.3600006103516,4630.649902
2021-11-03,57.4300003051758,33.8499984741211,4660.569824
2021-11-04,57.5099983215332,33.75,4680.060059
2021-11-05,58.2599983215332,33.4199981689453,4697.529785
2021-11-08,58.7900009155273,34.2900009155273,4701.700195
2021-11-09,59.0299987792969,33.7400016784668,4685.25
2021-11-10,57.4700012207031,31.8199996948242,4646.709961
2021-11-11,57.689998626709,32.1199989318848,4649.27002
2021-11-12,57.5499992370605,32.0800018310547,4682.850098
2021-11-15,58.0299987792969,31.9799995422363,4682.799805
2021-11-16,58.1199989318848,31.8400001525879,4700.899902
2021-11-17,57.2299995422363,30.7600002288818,4688.669922
2021-11-18,56.8899993896484,30.6399993896484,4704.540039
2021-11-19,54.6699981689453,29.1200008392334,4697.959961
2021-11-22,55.6399993896484,30.0100002288818,4682.939941
2021-11-23,57.3499984741211,31.9200000762939,4690.700195
2021-11-24,57.9099998474121,32.0099983215332,4701.459961
2021-11-26,55.5800018310547,29.7000007629395,4594.620117
2021-11-29,55.9000015258789,30.0599994659424,4655.27002
2021-11-30,54.5900001525879,29.6499996185303,4567
2021-12-01,54.0099983215332,28.9500007629395,4513.040039
2021-12-02,55.5800018310547,29.6499996185303,4577.100098
2021-12-03,55.1399993896484,29.1599998474121,4538.430176
2021-12-06,55.9599990844727,29.8400001525879,4591.669922
2021-12-07,57.2700004577637,31.1200008392334,4686.75
2021-12-08,57.2599983215332,30.7700004577637,4701.209961
2021-12-09,56.8199996948242,30.2399997711182,4667.450195
2021-12-10,57.2400016784668,30.7700004577637,4712.02002
2021-12-13,55.6500015258789,29.2299995422363,4668.970215
2021-12-14,55.4199981689453,28.7399997711182,4634.089844
2021-12-15,55.1500015258789,28.5200004577637,4709.850098
2021-12-16,55.5,28.3799991607666,4668.669922
2021-12-17,54.3699989318848,28.0400009155273,4620.640137
2021-12-20,53.0099983215332,26.9799995422363,4568.02002
2021-12-21,54.5200004577637,28.6000003814697,4649.22998
2021-12-22,54.8699989318848,28.9200000762939,4696.560059
2021-12-23,54.9000015258789,28.8500003814697,4725.790039
2021-12-27,56.0999984741211,29.6399993896484,4791.189941
2021-12-28,56.060001373291,29.4799995422363,4786.350098
2021-12-29,55.7000007629395,29.2600002288818,4793.060059
2021-12-30,55.3600006103516,28.9699993133545,4778.72998
2021-12-31,55.5,28.9899997711182,4766.180176
