date,industrial_sector,chrobinson,spstock
2019-01-02,60.8829956054688,76.1343765258789,2510.030029
2019-01-03,59.0303649902344,73.3268203735352,2447.889893
2019-01-04,61.2685699462891,75.8683166503906,2531.939941
2019-01-07,61.7669906616211,76.2352981567383,2549.689941
2019-01-08,62.6133880615234,76.8500366210938,2574.409912
2019-01-09,63.0365676879883,77.730842590332,2584.959961
2019-01-10,63.8923568725586,78.3914489746094,2596.639893
2019-01-11,63.8265151977539,78.5657730102539,2596.26001
2019-01-14,63.8171195983887,78.7676086425781,2582.610107
2019-01-15,63.6196365356445,78.1987686157227,2610.300049
2019-01-16,63.6854515075684,78.0060958862305,2616.100098
2019-01-17,64.7763519287109,78.9419326782227,2635.959961
2019-01-18,66.0083084106445,81.3549728393555,2670.709961
2019-01-22,64.6446914672852,79.7768783569336,2632.899902
2019-01-23,64.7387237548828,79.8043899536133,2638.699951
2019-01-24,65.0678787231445,79.4006958007813,2642.330078
2019-01-25,65.8954544067383,79.8686065673828,2664.76001
2019-01-28,65.2653579711914,79.6117324829102,2643.850098
2019-01-29,66.1681747436523,79.4649200439453,2640
2019-01-30,67.2026519775391,79.5750274658203,2681.050049
2019-01-31,67.4941635131836,79.6117324829102,2704.100098
2019-02-01,67.5976104736328,80.4833526611328,2706.530029
2019-02-04,68.4721984863281,81.3091125488281,2724.870117
2019-02-05,69.0646743774414,82.318359375,2737.699951
2019-02-06,69.08349609375,83.3000793457031,2731.610107
2019-02-07,68.6132659912109,82.9055480957031,2706.050049
2019-02-08,68.7167282104492,82.9055480957031,2707.879883
2019-02-11,69.08349609375,82.6578369140625,2709.800049
2019-02-12,70.1555862426758,83.5019378662109,2744.72998
2019-02-13,70.5693588256836,83.4010009765625,2753.030029
2019-02-14,70.2401962280273,83.2174987792969,2745.72998
2019-02-15,71.1806259155273,83.9056167602539,2775.600098
2019-02-19,71.1524200439453,84.3643798828125,2779.76001
2019-02-20,71.4909820556641,84.4286041259766,2784.699951
2019-02-21,71.1994247436523,84.5754165649414,2774.879883
2019-02-22,71.6696395874023,84.3552093505859,2792.669922
2019-02-25,71.9517669677734,83.5202865600586,2796.110107
2019-02-26,71.7542877197266,83.5936813354492,2793.899902
2019-02-27,72.0364227294922,82.6394882202148,2792.379883
2019-02-28,71.7919082641602,83.3867950439453,2784.48999
2019-03-01,71.8577423095703,83.2207260131836,2803.689941
2019-03-04,71.5379867553711,81.8736877441406,2792.810059
2019-03-05,71.0771789550781,81.9567413330078,2789.649902
2019-03-06,70.4094848632813,81.1817321777344,2771.449951
2019-03-07,69.9862976074219,80.7019653320313,2748.929932
2019-03-08,69.8452301025391,80.6742782592773,2743.070068
2019-03-11,70.4377136230469,81.9936447143555,2783.300049
2019-03-12,69.8546142578125,81.882926940918,2791.52002
2019-03-13,70.4659118652344,82.1874008178711,2810.919922
2019-03-14,70.2308044433594,82.4272766113281,2808.47998
2019-03-15,69.9829864501953,82.1135787963867,2822.47998
2019-03-18,70.6639938354492,83.1192474365234,2832.939941
2019-03-19,70.4086227416992,81.4769744873047,2832.570068
2019-03-20,69.9262313842773,79.9361877441406,2824.22998
2019-03-21,70.597785949707,80.5266723632813,2854.879883
2019-03-22,68.9993133544922,78.1278533935547,2800.709961
2019-03-25,69.1601104736328,76.9745635986328,2798.360107
2019-03-26,69.6235656738281,78.9213104248047,2818.459961
2019-03-27,69.6992416381836,79.1796340942383,2805.370117
2019-03-28,70.2099990844727,79.6040573120117,2815.439941
2019-03-29,70.966667175293,80.2591094970703,2834.399902
2019-04-01,72.4327239990234,81.4677429199219,2867.189941
2019-04-02,72.4043502807617,81.6430511474609,2867.23999
2019-04-03,72.1868057250977,81.8367919921875,2873.399902
2019-04-04,72.6313705444336,82.3257827758789,2879.389893
2019-04-05,72.8394470214844,82.5380020141602,2892.73999
2019-04-08,72.5272979736328,82.6856231689453,2895.77002
2019-04-09,71.5436401367188,82.3257827758789,2878.199951
2019-04-10,71.5247268676758,81.4954071044922,2888.209961
2019-04-11,72.1395111083984,82.7317428588867,2888.320068
2019-04-12,73.0947952270508,83.7650680541992,2907.409912
2019-04-15,72.6880950927734,83.8480987548828,2905.580078
2019-04-16,73.1326522827148,82.5933456420898,2907.060059
2019-04-17,73.2272338867188,82.5472106933594,2900.449951
2019-04-18,74.0690460205078,83.0269775390625,2905.030029
2019-04-22,73.8420257568359,83.1838302612305,2907.969971
2019-04-23,74.4852142333984,83.7097244262695,2933.679932
2019-04-24,74.2676620483398,84.3463516235352,2927.25
2019-04-25,72.7732315063477,81.72607421875,2926.169922
2019-04-26,73.3218078613281,80.9695205688477,2939.879883
2019-04-29,73.4920806884766,74.8340759277344,2943.030029
2019-04-30,73.7852783203125,74.7325820922852,2945.830078
2019-05-01,73.3029174804688,74.4834747314453,2923.72998
2019-05-02,73.2650680541992,76.96533203125,2917.52002
2019-05-03,74.1541519165039,77.4081878662109,2945.639893
2019-05-06,73.4447708129883,76.7715835571289,2932.469971
2019-05-07,71.9597930908203,76.1626586914063,2884.050049
2019-05-08,71.9597930908203,76.8177185058594,2879.419922
2019-05-09,71.8557586669922,76.282600402832,2870.719971
2019-05-10,72.1395111083984,75.4061126708984,2881.399902
2019-05-13,70.087028503418,73.8561019897461,2811.870117
2019-05-14,70.8153305053711,75.092414855957,2834.409912
2019-05-15,70.9099273681641,75.5260391235352,2850.959961
2019-05-16,71.5625457763672,76.4948120117188,2876.320068
2019-05-17,70.7680358886719,75.8581771850586,2859.530029
2019-05-20,70.5883331298828,75.4614639282227,2840.22998
2019-05-21,71.4206771850586,75.5537109375,2864.360107
2019-05-22,70.8342590332031,74.8986511230469,2856.27002
2019-05-23,69.7560043334961,74.4926910400391,2822.23999
2019-05-24,69.7843704223633,73.551628112793,2826.060059
2019-05-28,69.1411895751953,72.8965835571289,2802.389893
2019-05-29,68.8290481567383,73.5239639282227,2783.02002
2019-05-30,69.0938949584961,72.6935958862305,2788.860107
2019-05-31,68.1480484008789,73.4685821533203,2752.060059
2019-06-03,68.6115188598633,73.6254425048828,2744.449951
2019-06-04,70.2478103637695,74.0313873291016,2803.27002
2019-06-05,70.9288482666016,74.7325820922852,2826.149902
2019-06-06,71.0517883300781,73.8599395751953,2843.48999
2019-06-07,71.6193084716797,73.9806213378906,2873.340088
2019-06-10,71.7138900756836,74.4540786743164,2886.72998
2019-06-11,71.0990753173828,74.6490325927734,2885.719971
2019-06-12,71.2504425048828,76.3293685913086,2879.840088
2019-06-13,71.6098327636719,77.5826263427734,2891.639893
2019-06-14,71.3260955810547,77.7033233642578,2886.97998
2019-06-17,71.0801696777344,76.3943481445313,2889.669922
2019-06-18,72.4611053466797,77.5176467895508,2917.75
2019-06-19,72.4043502807617,77.39697265625,2926.459961
2019-06-20,73.6150207519531,77.9818267822266,2954.179932
2019-06-21,73.2227172851563,77.0813217163086,2950.459961
2019-06-24,73.0802154541016,76.9327926635742,2945.350098
2019-06-25,72.5292282104492,76.8121032714844,2917.379883
2019-06-26,72.7097244262695,77.3505554199219,2913.780029
2019-06-27,72.7762145996094,78.1396408081055,2924.919922
2019-06-28,73.5457000732422,78.306755065918,2941.76001
2019-07-01,73.612190246582,78.2696151733398,2964.330078
2019-07-02,73.5171890258789,77.6383438110352,2973.01001
2019-07-03,73.9256744384766,78.9473419189453,2995.820068
2019-07-05,73.6311798095703,78.8173446655273,2990.409912
2019-07-08,73.0232086181641,77.9075546264648,2975.949951
2019-07-09,72.8617095947266,77.229866027832,2979.629883
2019-07-10,72.6907424926758,76.3014984130859,2993.070068
2019-07-11,73.1847076416016,76.9049377441406,2999.909912
2019-07-12,74.4671478271484,78.9658889770508,3013.77002
2019-07-15,74.1631469726563,78.4552917480469,3014.300049
2019-07-16,74.6381378173828,78.8637619018555,3004.040039
2019-07-17,73.0422134399414,76.3572082519531,2984.419922
2019-07-18,73.1752014160156,76.5521545410156,2995.110107
2019-07-19,73.5741729736328,77.6569137573242,2976.610107
2019-07-22,73.6311798095703,77.2577209472656,2985.030029
2019-07-23,74.5621490478516,77.4341278076172,3005.469971
2019-07-24,74.885139465332,79.7364273071289,3019.560059
2019-07-25,74.7331237792969,78.0468139648438,3003.669922
2019-07-26,74.5716323852539,79.021598815918,3025.860107
2019-07-29,74.4386520385742,78.9658889770508,3020.969971
2019-07-30,74.7616271972656,78.6966552734375,3013.179932
2019-07-31,73.9256744384766,77.7311706542969,2980.379883
2019-08-01,72.4912261962891,75.1967620849609,2953.560059
2019-08-02,72.0257568359375,75.8094711303711,2932.050049
2019-08-05,70.0308456420898,75.3452987670898,2844.73999
2019-08-06,71.0853042602539,75.5031280517578,2881.77002
2019-08-07,71.0473098754883,77.5176467895508,2883.97998
2019-08-08,72.2537384033203,79.8942489624023,2938.090088
2019-08-09,71.645751953125,78.4274291992188,2918.649902
2019-08-12,70.6578063964844,78.3810195922852,2882.699951
2019-08-13,71.5032653808594,78.5666961669922,2926.320068
2019-08-14,69.3183822631836,76.487190246582,2840.600098
2019-08-15,69.2423706054688,76.9606552124023,2847.600098
2019-08-16,70.5818252563477,77.8147048950195,2888.679932
2019-08-19,71.2467803955078,78.2696151733398,2923.649902
2019-08-20,70.8288192749023,78.1396408081055,2900.51001
2019-08-21,71.2658004760742,78.2232055664063,2924.429932
2019-08-22,71.3703002929688,77.7218856811523,2922.949951
2019-08-23,69.4608612060547,76.3386535644531,2847.110107
2019-08-26,69.9738540649414,77.1370162963867,2878.379883
2019-08-27,69.6128616333008,76.4314804077148,2869.159912
2019-08-28,70.4678192138672,77.2112884521484,2887.939941
2019-08-29,71.6742706298828,78.0932388305664,2924.580078
2019-08-30,71.96875,78.4367294311523,2926.459961
2019-09-03,70.9903030395508,76.1715393066406,2906.27002
2019-09-04,71.8927536010742,76.830680847168,2937.780029
2019-09-05,73.1847076416016,78.3997802734375,2976
2019-09-06,73.3366928100586,77.7833633422852,2978.709961
2019-09-09,73.5551834106445,77.7927017211914,2978.429932
2019-09-10,74.2296676635742,80.9776229858398,2979.389893
2019-09-11,74.9231185913086,83.1911926269531,3000.929932
2019-09-12,74.9706192016602,80.7441101074219,3009.570068
2019-09-13,75.3791122436523,81.3512191772461,3007.389893
2019-09-16,75.3125991821289,79.6606979370117,2997.959961
2019-09-17,75.2746047973633,80.5573272705078,3005.699951
2019-09-18,75.1606216430664,81.0616912841797,3006.72998
2019-09-19,74.7806396484375,79.9502182006836,3006.790039
2019-09-20,74.3079071044922,78.9228134155273,2992.070068
2019-09-23,74.1646575927734,78.3530883789063,2991.780029
2019-09-24,73.7444686889648,77.6899490356445,2966.600098
2019-09-25,74.2219619750977,79.2590713500977,2984.870117
2019-09-26,74.3270034790039,78.5398864746094,2977.620117
2019-09-27,74.0309677124023,78.2596740722656,2961.790039
2019-09-30,74.1360015869141,79.1843414306641,2976.73999
2019-10-01,72.3597259521484,78.05419921875,2940.25
2019-10-02,70.9940795898438,76.7746276855469,2887.610107
2019-10-03,71.4620361328125,76.6812210083008,2910.629883
2019-10-04,72.2069320678711,77.7927017211914,2952.01001
2019-10-07,71.8440322875977,77.923454284668,2938.790039
2019-10-08,70.7362289428711,76.7279357910156,2893.060059
2019-10-09,71.337890625,77.5404968261719,2919.399902
2019-10-10,71.9872741699219,78.7640533447266,2938.129883
2019-10-11,73.343376159668,79.6233139038086,2970.27002
2019-10-14,73.2001190185547,79.6886901855469,2966.149902
2019-10-15,73.7922286987305,79.6606979370117,2995.679932
2019-10-16,73.7540283203125,80.3238220214844,2989.689941
2019-10-17,74.1169128417969,80.9402618408203,2997.949951
2019-10-18,73.4770736694336,80.8468627929688,2986.199951
2019-10-21,73.9163665771484,81.0803680419922,3006.719971
2019-10-22,74.498908996582,82.985710144043,2995.98999
2019-10-23,74.4893417358398,83.1631851196289,3004.52002
2019-10-24,74.5944213867188,81.8929443359375,3010.290039
2019-10-25,75.0623550415039,84.1625595092773,3022.550049
2019-10-28,75.2724456787109,84.3680267333984,3039.419922
2019-10-29,75.520751953125,84.5454788208008,3036.889893
2019-10-30,75.7881393432617,71.9925689697266,3046.77002
2019-10-31,74.9764175415039,70.6476211547852,3037.560059
2019-11-01,76.6094360351563,69.769645690918,3066.909912
2019-11-04,77.4975738525391,70.5448608398438,3078.27002
2019-11-05,77.6599197387695,71.3013916015625,3074.620117
2019-11-06,77.7076873779297,73.4215698242188,3076.780029
2019-11-07,77.9750747680664,73.9166030883789,3085.179932
2019-11-08,78.0801239013672,72.9078826904297,3093.080078
2019-11-11,78.1183242797852,71.7870712280273,3087.01001
2019-11-12,78.108772277832,70.5168380737305,3091.840088
2019-11-13,77.7840728759766,69.7042465209961,3094.040039
2019-11-14,78.0323791503906,69.7416229248047,3096.629883
2019-11-15,78.6053848266602,69.7883377075195,3120.459961
2019-11-18,78.3093185424805,70.2366485595703,3122.030029
2019-11-19,78.2424621582031,70.8904495239258,3120.179932
2019-11-20,77.6217346191406,70.572883605957,3108.459961
2019-11-21,77.5930862426758,69.6762313842773,3103.540039
2019-11-22,77.9941711425781,70.6008987426758,3110.290039
2019-11-25,78.5576248168945,71.1799697875977,3133.639893
2019-11-26,78.7868270874023,71.9645462036133,3140.52002
2019-11-27,78.7104187011719,72.6183242797852,3153.629883
2019-11-29,78.3475341796875,71.7777404785156,3140.97998
2019-12-02,77.0582885742188,72.6183242797852,3113.870117
2019-12-03,76.217887878418,71.0025177001953,3093.199951
2019-12-04,76.5139389038086,71.3481063842773,3112.76001
2019-12-05,76.5330352783203,71.2733917236328,3117.429932
2019-12-06,77.4593887329102,71.0025177001953,3145.909912
2019-12-09,77.1633529663086,71.2360229492188,3135.959961
2019-12-10,77.0678329467773,70.7970275878906,3132.52002
2019-12-11,77.5548706054688,70.8811111450195,3141.629883
2019-12-12,78.2424621582031,72.8331604003906,3168.570068
2019-12-13,78.0323791503906,71.9682159423828,3168.800049
2019-12-16,77.9941711425781,72.4383010864258,3191.449951
2019-12-17,77.9177780151367,73.1152038574219,3192.52002
2019-12-18,77.5930862426758,73.0963973999023,3191.139893
2019-12-19,77.8031768798828,72.137451171875,3205.370117
2019-12-20,78.1611557006836,72.203254699707,3221.219971
2019-12-23,78.8041915893555,72.2126770019531,3224.01001
2019-12-24,78.4874725341797,72.8989562988281,3223.379883
2019-12-26,78.6698226928711,73.2468185424805,3239.909912
2019-12-27,78.602653503418,73.2656173706055,3240.02002
2019-12-30,78.2379379272461,72.8989562988281,3221.290039
2019-12-31,78.1899490356445,73.5194549560547,3230.780029
2020-01-02,79.6679458618164,73.1716156005859,3257.850098
2020-01-03,79.5143890380859,73.0869903564453,3234.850098
2020-01-06,79.5431900024414,71.9306106567383,3246.280029
2020-01-07,79.3800277709961,73.6322784423828,3237.179932
2020-01-08,79.6487503051758,74.0835494995117,3253.050049
2020-01-09,79.9846496582031,74.6758422851563,3274.699951
2020-01-10,79.4184265136719,75.3245544433594,3265.350098
2020-01-13,80.071044921875,75.6441955566406,3288.129883
2020-01-14,80.0806427001953,76.8569869995117,3283.149902
2020-01-15,80.2054061889648,78.5022354125977,3289.290039
2020-01-16,81.0019912719727,79.0663223266602,3316.810059
2020-01-17,81.011589050293,75.9074172973633,3329.620117
2020-01-21,80.1190338134766,75.3997573852539,3320.790039
2020-01-22,79.6967468261719,75.5031814575195,3321.75
2020-01-23,80.5605087280273,75.0236968994141,3325.540039
2020-01-24,80.1862030029297,74.8544845581055,3295.469971
2020-01-27,78.6698226928711,73.7733001708984,3243.629883
2020-01-28,79.1784896850586,73.2186126708984,3276.23999
2020-01-29,79.6007690429688,69.0161666870117,3273.399902
2020-01-30,79.6871337890625,68.2922439575195,3283.659912
2020-01-31,77.8444519042969,67.8973846435547,3225.52002
2020-02-03,77.8156585693359,67.699951171875,3248.919922
2020-02-04,79.2840576171875,67.9067764282227,3297.590088
2020-02-05,80.6084899902344,68.3862609863281,3334.689941
2020-02-06,80.8676300048828,69.1759796142578,3345.780029
2020-02-07,80.2821807861328,69.928092956543,3327.709961
2020-02-10,80.7332763671875,68.5554962158203,3352.090088
2020-02-11,81.040397644043,68.3674697875977,3357.75
2020-02-12,81.7985687255859,68.9315567016602,3379.449951
2020-02-13,81.3378982543945,67.8127746582031,3373.939941
2020-02-14,81.2323226928711,67.699951171875,3380.159912
2020-02-18,80.7716598510742,68.1136093139648,3370.290039
2020-02-19,80.7428588867188,69.0819778442383,3386.149902
2020-02-20,80.6277008056641,70.3417663574219,3373.22998
2020-02-21,80.224609375,70.0879287719727,3337.75
2020-02-24,77.9404067993164,67.8221740722656,3225.889893
2020-02-25,74.7636871337891,67.5495376586914,3128.209961
2020-02-26,74.1974411010742,67.3709106445313,3116.389893
2020-02-27,71.443000793457,65.6880569458008,2978.76001
2020-02-28,70.1377563476563,64.7760925292969,2954.219971
2020-03-02,72.6042785644531,65.8948669433594,3090.22998
2020-03-03,70.8287658691406,64.1838073730469,3003.370117
2020-03-04,73.7559432983398,66.5529708862305,3130.120117
2020-03-05,70.147331237793,62.8597946166992,3023.939941
2020-03-06,69.5331039428711,62.5757179260254,2972.370117
2020-03-09,63.1220512390137,59.3465347290039,2746.560059
2020-03-10,66.3947677612305,61.3446502685547,2882.22998
2020-03-11,62.4982223510742,60.7101821899414,2741.379883
2020-03-12,56.0295753479004,56.9223022460938,2480.639893
2020-03-13,60.4059791564941,59.0624542236328,2711.02002
2020-03-16,53.5534515380859,57.8219261169434,2386.129883
2020-03-17,56.0199737548828,61.1741943359375,2529.189941
2020-03-18,51.8931007385254,61.4109344482422,2398.100098
2020-03-19,51.9314918518066,60.6628303527832,2409.389893
2020-03-20,49.3305969238281,60.5207862854004,2304.919922
2020-03-23,47.1698913574219,59.8863143920898,2237.399902
2020-03-24,53.1374588012695,60.179874420166,2447.330078
2020-03-25,55.9326362609863,58.9866943359375,2475.560059
2020-03-26,59.4628868103027,62.3957862854004,2630.070068
2020-03-27,56.9578628540039,59.1950340270996,2541.469971
2020-03-30,57.7896423339844,61.73291015625,2626.649902
2020-03-31,57.0739212036133,62.6893539428711,2584.590088
2020-04-01,54.5011978149414,63.0397300720215,2470.5
2020-04-02,55.2265853881836,65.2650985717773,2526.899902
2020-04-03,54.4915237426758,64.5359344482422,2488.649902
2020-04-06,58.2635650634766,68.5510787963867,2663.679932
2020-04-07,58.1281585693359,68.0302429199219,2659.409912
2020-04-08,60.2366371154785,68.9582748413086,2749.97998
2020-04-09,61.1457977294922,69.3370742797852,2789.820068
2020-04-13,59.3564910888672,67.4904708862305,2761.629883
2020-04-14,60.488109588623,67.2253189086914,2846.060059
2020-04-15,58.814868927002,67.1590347290039,2783.360107
2020-04-16,58.2925834655762,70.2840347290039,2799.550049
2020-04-17,61.0297317504883,70.2935028076172,2874.560059
2020-04-20,59.4048500061035,68.4848022460938,2823.159912
2020-04-21,58.0024261474609,67.1969146728516,2736.560059
2020-04-22,58.611759185791,67.7840347290039,2799.310059
2020-04-23,59.0760078430176,66.7423706054688,2797.800049
2020-04-24,59.5499305725098,68.446907043457,2836.73999
2020-04-27,61.0297317504883,70.1135787963867,2878.47998
2020-04-28,62.171012878418,70.0851669311523,2863.389893
2020-04-29,63.3606719970703,67.4809951782227,2939.51001
2020-04-30,62.1033096313477,67.1401062011719,2912.429932
2020-05-01,60.2269668579102,67.0738143920898,2830.709961
2020-05-04,59.4628868103027,66.2310104370117,2842.73999
2020-05-05,59.695011138916,67.3579025268555,2868.439941
2020-05-06,58.8728981018066,66.6950225830078,2848.419922
2020-05-07,59.5596084594727,68.1344146728516,2881.189941
2020-05-08,61.0394096374512,69.8863067626953,2929.800049
2020-05-11,60.2753257751465,70.4544830322266,2930.189941
2020-05-12,58.5827407836914,68.8635940551758,2870.120117
2020-05-13,57.1126098632813,67.98291015625,2820
2020-05-14,57.7122688293457,68.3522262573242,2852.5
2020-05-15,57.5091552734375,68.6552505493164,2863.699951
2020-05-18,61.3005523681641,73.7120590209961,2953.909912
2020-05-19,60.5171241760254,71.9317626953125,2922.939941
2020-05-20,61.648738861084,73.5037231445313,2971.610107
2020-05-21,61.7938194274902,73.7688751220703,2948.51001
2020-05-22,61.7454566955566,73.7310104370117,2955.449951
2020-05-26,64.337532043457,74.1003265380859,2991.77002
2020-05-27,66.4846878051758,75.9090347290039,3036.129883
2020-05-28,65.8560104370117,76.5719223022461,3029.72998
2020-05-29,65.4497985839844,76.8275833129883,3044.310059
2020-06-01,65.5948638916016,76.3825149536133,3055.72998
2020-06-02,66.4459991455078,77.821907043457,3080.820068
2020-06-03,69.0380706787109,79.3654556274414,3122.870117
2020-06-04,69.7731246948242,78.412712097168,3112.350098
2020-06-05,72.3361892700195,79.1368179321289,3193.929932
2020-06-08,73.786979675293,81.080451965332,3232.389893
2020-06-09,71.9493179321289,79.1653823852539,3207.179932
2020-06-10,70.2277145385742,78.3174209594727,3190.139893
2020-06-11,65.2950592041016,75.0494384765625,3002.100098
2020-06-12,66.5620498657227,74.0585632324219,3041.310059
2020-06-15,67.2197570800781,74.4396591186523,3066.590088
2020-06-16,68.5351333618164,74.4015426635742,3124.73999
2020-06-17,68.041862487793,74.9255752563477,3113.48999
2020-06-18,67.790397644043,74.1824188232422,3115.340088
2020-06-19,66.9586181640625,74.0776138305664,3097.73999
2020-06-22,67.0713043212891,73.4011459350586,3117.860107
2020-06-23,67.0810241699219,73.6583862304688,3131.290039
2020-06-24,64.7494506835938,74.8303070068359,3050.330078
2020-06-25,65.4683532714844,73.6679153442383,3083.76001
2020-06-26,64.2540054321289,73.0391006469727,3009.050049
2020-06-29,66.3621215820313,74.0871505737305,3053.23999
2020-06-30,66.7409973144531,75.3257446289063,3100.290039
2020-07-01,66.4398422241211,75.3543243408203,3115.860107
2020-07-02,67.0130157470703,75.4400634765625,3130.01001
2020-07-06,67.9747848510742,76.4214248657227,3179.719971
2020-07-07,66.6729965209961,76.4118957519531,3145.320068
2020-07-08,66.6729965209961,76.6977081298828,3169.939941
2020-07-09,65.225471496582,77.0502471923828,3152.050049
2020-07-10,66.070671081543,78.3269653320313,3185.040039
2020-07-13,66.3426971435547,78.1840286254883,3155.219971
2020-07-14,67.7804870605469,79.8323211669922,3197.52002
2020-07-15,69.5097274780273,80.8994293212891,3226.560059
2020-07-16,69.5291595458984,81.8522033691406,3215.570068
2020-07-17,69.9468994140625,82.204719543457,3224.72998
2020-07-20,69.0920104980469,81.2710189819336,3251.840088
2020-07-21,70.0051803588867,81.5377807617188,3257.300049
2020-07-22,70.5686569213867,81.1757202148438,3276.02002
2020-07-23,70.3549194335938,81.2043228149414,3235.659912
2020-07-24,69.7914581298828,82.0046310424805,3215.629883
2020-07-27,70.0829010009766,83.5576400756836,3239.409912
2020-07-28,69.5971755981445,83.0336151123047,3218.439941
2020-07-29,70.6560897827148,90.7796096801758,3258.439941
2020-07-30,69.9468994140625,89.1408538818359,3246.219971
2020-07-31,69.6846084594727,89.2932968139648,3271.120117
2020-08-03,69.9760513305664,89.1218109130859,3294.610107
2020-08-04,70.1509094238281,90.9511108398438,3306.51001
2020-08-05,71.4915542602539,90.9987564086914,3327.77002
2020-08-06,71.7635803222656,90.6652908325195,3349.159912
2020-08-07,72.9876480102539,91.2655410766602,3351.280029
2020-08-10,74.7848968505859,92.0753784179688,3360.469971
2020-08-11,75.1831970214844,90.7986755371094,3333.689941
2020-08-12,75.4260787963867,91.1607208251953,3380.350098
2020-08-13,75.0277633666992,90.6271743774414,3373.429932
2020-08-14,75.319206237793,90.5890731811523,3372.850098
2020-08-17,74.9694747924805,90.7796096801758,3381.98999
2020-08-18,74.5614624023438,90.474723815918,3389.780029
2020-08-19,74.3671646118164,90.9225387573242,3374.850098
2020-08-20,73.9688415527344,91.970573425293,3385.51001
2020-08-21,74.2700042724609,91.9324722290039,3397.159912
2020-08-24,75.6106491088867,92.3993225097656,3431.280029
2020-08-25,75.5135040283203,91.9896392822266,3443.620117
2020-08-26,75.5523529052734,92.6851425170898,3478.72998
2020-08-27,75.8243942260742,93.6188583374023,3484.550049
2020-08-28,76.5432968139648,94.0666656494141,3508.01001
2020-08-31,75.5912246704102,93.6569747924805,3500.310059
2020-09-01,76.3587036132813,94.5335311889648,3526.649902
2020-09-02,77.6216201782227,94.9622650146484,3580.840088
2020-09-03,75.4455108642578,93.4778671264648,3455.060059
2020-09-04,75.6203689575195,93.7556076049805,3426.959961
2020-09-08,74.2020034790039,91.6679000854492,3331.840088
2020-09-09,75.3483581542969,94.8186187744141,3398.959961
2020-09-10,74.386589050293,94.3780899047852,3339.189941
2020-09-11,75.3969345092773,94.4834289550781,3340.969971
2020-09-14,76.4169998168945,96.4466400146484,3383.540039
2020-09-15,76.4655685424805,99.6548233032227,3401.199951
2020-09-16,77.2427444458008,99.1089553833008,3385.48999
2020-09-17,77.3981857299805,99.1855697631836,3357.01001
2020-09-18,76.5335693359375,98.7641983032227,3319.469971
2020-09-21,73.9930191040039,97.634147644043,3281.060059
2020-09-22,74.7244567871094,98.2183227539063,3315.570068
2020-09-23,73.3883514404297,96.8871765136719,3236.919922
2020-09-24,73.4956359863281,97.4905014038086,3246.590088
2020-09-25,74.5976791381836,98.0268020629883,3298.459961
2020-09-28,75.9435501098633,98.8791198730469,3351.600098
2020-09-29,75.2705993652344,99.3100662231445,3335.469971
2020-09-30,75.0755615234375,97.8639907836914,3363
2020-10-01,74.8512496948242,96.93505859375,3380.800049
2020-10-02,75.6899719238281,96.5998687744141,3348.419922
2020-10-05,76.9090423583984,99.5973663330078,3408.600098
2020-10-06,75.9727935791016,99.2047348022461,3360.969971
2020-10-07,77.6502456665039,101.665939331055,3419.439941
2020-10-08,78.4207000732422,101.646774291992,3446.830078
2020-10-09,78.7132720947266,100.985977172852,3477.139893
2020-10-12,79.1618881225586,100.574195861816,3534.219971
2020-10-13,78.2841491699219,100.181549072266,3511.929932
2020-10-14,78.7230224609375,100.382659912109,3488.669922
2020-10-15,79.0058441162109,100.669960021973,3483.340088
2020-10-16,79.5812530517578,95.9869537353516,3483.810059
2020-10-19,78.5962524414063,95.7667083740234,3426.919922
2020-10-20,79.0058441162109,96.2551116943359,3443.120117
2020-10-21,78.2061462402344,96.5040969848633,3435.560059
2020-10-22,78.8498077392578,95.3644790649414,3453.48999
2020-10-23,79.1618881225586,96.2838439941406,3465.389893
2020-10-26,77.1821136474609,95.3740539550781,3400.969971
2020-10-27,75.4949188232422,95.7954406738281,3390.679932
2020-10-28,73.0177536010742,84.8301467895508,3271.030029
2020-10-29,74.0807800292969,86.2666625976563,3310.110107
2020-10-30,73.9930191040039,84.6864852905273,3269.959961
2020-11-02,75.9922866821289,83.6426315307617,3310.23999
2020-11-03,78.2353973388672,85.4430465698242,3369.159912
2020-11-04,77.4259262084961,84.3800354003906,3443.439941
2020-11-05,79.2496643066406,85.0408401489258,3510.449951
2020-11-06,79.3276824951172,86.7837905883789,3509.439941
2020-11-09,82.0291595458984,89.9440841674805,3550.5
2020-11-10,83.472541809082,89.9153518676758,3545.530029
2020-11-11,82.7703628540039,89.3790740966797,3572.659912
2020-11-12,81.8243637084961,86.7071685791016,3537.01001
2020-11-13,83.6383361816406,88.0766372680664,3585.149902
2020-11-16,85.6766357421875,88.9864120483398,3626.909912
2020-11-17,85.4523239135742,89.5897521972656,3609.530029
2020-11-18,85.0719680786133,88.948112487793,3567.790039
2020-11-19,85.2865295410156,89.8004302978516,3581.870117
2020-11-20,84.5160751342773,88.6703872680664,3557.540039
2020-11-23,85.9302062988281,88.2681732177734,3577.590088
2020-11-24,87.4321060180664,90.4229202270508,3635.409912
2020-11-25,86.768928527832,89.0917663574219,3629.649902
2020-11-27,86.6226501464844,88.7948989868164,3638.350098
2020-11-30,85.852180480957,89.9919662475586,3621.629883
2020-12-01,85.6376190185547,89.8578872680664,3662.449951
2020-12-02,85.7546539306641,88.3926696777344,3669.01001
2020-12-03,85.9789657592773,88.612922668457,3666.719971
2020-12-04,87.0029830932617,88.9960021972656,3699.120117
2020-12-07,86.583610534668,89.2737274169922,3691.959961
2020-12-08,87.0029830932617,90.2888412475586,3702.25
2020-12-09,87.1980438232422,91.0549774169922,3672.820068
2020-12-10,86.3690795898438,88.7948989868164,3668.100098
2020-12-11,86.5738677978516,89.7193374633789,3663.459961
2020-12-14,85.4523239135742,88.3808059692383,3647.48999
2020-12-15,86.6421279907227,86.9074783325195,3694.620117
2020-12-16,86.1057510375977,88.0534057617188,3701.169922
2020-12-17,86.6324005126953,88.8719253540039,3722.47998
2020-12-18,86.6421279907227,89.1704406738281,3709.409912
2020-12-21,86.1191940307617,90.0178680419922,3694.919922
2020-12-22,85.7176895141602,90.8941421508789,3687.26001
2020-12-23,86.1681671142578,90.3163757324219,3690.01001
2020-12-24,86.1779479980469,91.1541519165039,3703.060059
2020-12-28,86.2856826782227,91.1637802124023,3735.360107
2020-12-29,85.7666473388672,90.2489624023438,3727.040039
2020-12-30,86.3150634765625,89.5941390991211,3732.040039
2020-12-31,86.7165756225586,90.3933944702148,3756.070068
2021-01-04,84.6208724975586,88.948974609375,3700.649902
2021-01-05,85.4532852172852,88.1111907958984,3726.860107
2021-01-06,87.4902114868164,91.7126541137695,3748.139893
2021-01-07,87.9700622558594,92.5986022949219,3803.790039
2021-01-08,87.7546310424805,93.754150390625,3824.679932
2021-01-11,87.7252502441406,92.9548873901367,3799.610107
2021-01-12,88.5968246459961,94.2741546630859,3801.189941
2021-01-13,87.8329620361328,92.1652526855469,3809.840088
2021-01-14,88.1365432739258,93.763786315918,3795.540039
2021-01-15,86.9907760620117,91.6837768554688,3768.25
2021-01-19,87.2747650146484,92.8682250976563,3798.909912
2021-01-20,87.8133773803711,95.1408157348633,3851.850098
2021-01-21,87.1278762817383,94.3223037719727,3853.070068
2021-01-22,86.6773986816406,94.1778564453125,3841.469971
2021-01-25,86.0898208618164,95.6415557861328,3855.360107
2021-01-26,85.2966003417969,93.8889694213867,3849.620117
2021-01-27,83.602409362793,88.1304397583008,3750.77002
2021-01-28,84.8461074829102,85.6941528320313,3787.379883
2021-01-29,83.0148315429688,82.3911743164063,3714.23999
2021-02-01,83.8766098022461,83.2289581298828,3773.860107
2021-02-02,85.6589279174805,83.4119338989258,3826.310059
2021-02-03,85.7176895141602,83.71044921875,3830.169922
2021-02-04,86.6382217407227,84.0763549804688,3871.73999
2021-02-05,87.1474533081055,85.549690246582,3886.830078
2021-02-08,87.891731262207,86.6378555297852,3915.590088
2021-02-09,88.1169586181641,88.4674835205078,3911.22998
2021-02-10,87.9798583984375,87.591178894043,3909.879883
2021-02-11,87.7937927246094,86.9363708496094,3916.379883
2021-02-12,88.4303436279297,87.918586730957,3934.830078
2021-02-16,88.3422012329102,85.222297668457,3932.590088
2021-02-17,88.0973815917969,86.6185760498047,3931.330078
2021-02-18,87.6566925048828,87.8608016967773,3913.969971
2021-02-19,89.0962524414063,87.4178466796875,3906.709961
2021-02-22,89.3802490234375,86.493408203125,3876.5
2021-02-23,89.6544647216797,86.4548873901367,3881.370117
2021-02-24,91.3486404418945,86.6956329345703,3925.429932
2021-02-25,89.6642456054688,86.6667404174805,3829.340088
2021-02-26,88.7339172363281,87.4852600097656,3811.149902
2021-03-01,91.0058822631836,88.8045120239258,3901.820068
2021-03-02,90.7414703369141,89.6711883544922,3870.290039
2021-03-03,90.8394012451172,89.5267486572266,3819.719971
2021-03-04,89.3900451660156,89.0716400146484,3768.469971
2021-03-05,91.5053329467773,91.0469360351563,3841.939941
2021-03-08,92.4650344848633,88.8973617553711,3821.350098
2021-03-09,92.0831069946289,90.640251159668,3875.439941
2021-03-10,93.4443283081055,91.5213775634766,3898.810059
2021-03-11,93.5128784179688,91.5310668945313,3939.340088
2021-03-12,94.7663726806641,92.8769760131836,3943.340088
2021-03-15,95.5596008300781,94.1357192993164,3968.939941
2021-03-16,94.1983795166016,93.1287307739258,3962.709961
2021-03-17,95.2854080200195,92.1604461669922,3974.120117
2021-03-18,95.1972732543945,92.5768127441406,3915.459961
2021-03-19,94.4725875854492,93.6322250366211,3913.100098
2021-03-22,94.4195404052734,92.5574340820313,3940.590088
2021-03-23,92.7692565917969,92.0926742553711,3910.52002
2021-03-24,93.4470520019531,92.0539398193359,3889.139893
2021-03-25,94.9401702880859,93.2255554199219,3909.52002
2021-03-26,96.5806198120117,94.6004867553711,3974.540039
2021-03-29,96.6002655029297,94.3197021484375,3971.090088
2021-03-30,97.0226516723633,94.7070083618164,3958.550049
2021-03-31,96.7083282470703,92.4025192260742,3972.889893
2021-04-01,97.032470703125,94.0679473876953,4019.870117
2021-04-05,98.2308959960938,94.5811309814453,4077.909912
2021-04-06,97.9951324462891,94.4649429321289,4073.939941
2021-04-07,97.5432815551758,93.2158660888672,4079.949951
2021-04-08,97.7790374755859,93.4482650756836,4097.169922
2021-04-09,98.7318801879883,94.3584289550781,4128.799805
2021-04-12,99.095329284668,95.8979949951172,4127.990234
2021-04-13,98.6140060424805,95.0943222045898,4141.589844
2021-04-14,98.74169921875,95.3944778442383,4124.660156
2021-04-15,99.1346130371094,97.5634307861328,4170.419922
2021-04-16,99.3507308959961,97.5634307861328,4185.470215
2021-04-19,98.9381561279297,95.5106811523438,4163.259766
2021-04-20,97.8478012084961,96.3240432739258,4134.939941
2021-04-21,99.1837463378906,95.8108444213867,4173.419922
2021-04-22,98.6827545166016,96.0238647460938,4134.97998
2021-04-23,99.7632904052734,96.6145172119141,4180.169922
2021-04-26,99.4686126708984,95.0265502929688,4187.620117
2021-04-27,100.293739318848,93.5257110595703,4186.720215
2021-04-28,100.087463378906,90.6596221923828,4183.180176
2021-04-29,100.794723510742,94.3390655517578,4211.470215
2021-04-30,100.126754760742,94.0001754760742,4181.169922
2021-05-03,101.158180236816,95.9270477294922,4192.660156
2021-05-04,101.600212097168,96.1497497558594,4164.660156
2021-05-05,101.698448181152,95.7333908081055,4167.589844
2021-05-06,102.405708312988,94.9103469848633,4201.620117
2021-05-07,103.48624420166,96.3530960083008,4232.600098
2021-05-10,103.584480285645,98.5026550292969,4188.430176
2021-05-11,102.05207824707,95.946403503418,4152.100098
2021-05-12,99.6061401367188,94.0679473876953,4063.040039
2021-05-13,101.472526550293,96.0625991821289,4112.5
2021-05-14,102.877220153809,96.6145172119141,4173.850098
2021-05-17,102.562881469727,95.888313293457,4163.290039
2021-05-18,101.069770812988,94.3971557617188,4127.830078
2021-05-19,100.500030517578,94.290657043457,4115.680176
2021-05-20,100.725959777832,93.4482650756836,4159.120117
2021-05-21,101.21711730957,93.5160446166992,4155.859863
2021-05-24,101.845794677734,94.6198654174805,4197.049805
2021-05-25,101.541282653809,93.0899963378906,4188.129883
2021-05-26,101.865440368652,94.2519149780273,4195.990234
2021-05-27,103.260322570801,94.048583984375,4200.879883
2021-05-28,103.260322570801,93.9420700073242,4204.109863
2021-06-01,103.663070678711,93.3611145019531,4202.040039
2021-06-02,103.368377685547,92.5380706787109,4208.120117
2021-06-03,103.142440795898,93.6089019775391,4192.850098
2021-06-04,103.476425170898,93.7841186523438,4229.890137
2021-06-07,102.759353637695,95.9354934692383,4226.52002
2021-06-08,103.024574279785,96.0523071289063,4227.259766
2021-06-09,101.973495483398,96.3735580444336,4219.549805
2021-06-10,101.472526550293,96.5390396118164,4239.180176
2021-06-11,101.678810119629,97.3470230102539,4247.439941
2021-06-14,101.21711730957,96.0912399291992,4255.149902
2021-06-15,101.649345397949,96.5487747192383,4246.589844
2021-06-16,100.686676025391,93.9106750488281,4223.700195
2021-06-17,99.1346130371094,92.499137878418,4221.859863
2021-06-18,97.8478012084961,90.4256439208984,4166.450195
2021-06-21,99.9999542236328,91.8469009399414,4224.790039
2021-06-22,100.108337402344,92.8301162719727,4246.439941
2021-06-23,99.8816986083984,91.8469009399414,4241.839844
2021-06-24,100.660179138184,91.8469009399414,4266.490234
2021-06-25,100.85725402832,93.2487106323242,4280.700195
2021-06-28,100.325126647949,91.7690353393555,4290.609863
2021-06-29,100.128051757813,92.031867980957,4291.799805
2021-06-30,100.906532287598,91.1849517822266,4297.5
2021-07-01,101.625885009766,91.7106246948242,4319.939941
2021-07-02,101.783554077148,91.2920303344727,4352.339844
2021-07-06,100.807991027832,90.3574981689453,4343.540039
2021-07-07,101.813110351563,90.8637084960938,4358.129883
2021-07-08,100.394111633301,89.3256225585938,4320.819824
2021-07-09,101.980621337891,90.6982192993164,4369.549805
2021-07-12,102.118591308594,90.2796325683594,4384.629883
2021-07-13,101.133171081543,90.1628112792969,4369.209961
2021-07-14,101.123313903809,92.1389541625977,4374.299805
2021-07-15,101.320404052734,91.4477920532227,4360.029785
2021-07-16,100.423675537109,90.8247680664063,4327.160156
2021-07-19,98.3247451782227,90.6592788696289,4258.490234
2021-07-20,101.07405090332,90.6398086547852,4323.060059
2021-07-21,102.039756774902,90.6690216064453,4358.689941
2021-07-22,101.66529083252,89.3353500366211,4367.47998
2021-07-23,102.098876953125,90.4159088134766,4411.790039
2021-07-26,102.049613952637,90.0459976196289,4422.299805
2021-07-27,101.487922668457,88.8973007202148,4401.459961
2021-07-28,101.251426696777,86.1618499755859,4400.640137
2021-07-29,102.049613952637,86.8627548217773,4419.149902
2021-07-30,101.8525390625,86.8043365478516,4395.259766
2021-08-02,101.152885437012,87.2716064453125,4387.160156
2021-08-03,102.473342895508,88.9849090576172,4423.149902
2021-08-04,101.083908081055,87.962760925293,4402.660156
2021-08-05,101.556900024414,87.3592147827148,4429.100098
2021-08-06,102.029914855957,88.5857772827148,4436.52002
2021-08-09,101.625885009766,87.2326736450195,4432.350098
2021-08-10,102.660568237305,87.0282363891602,4436.75
2021-08-11,103.990882873535,88.4105606079102,4442.410156
2021-08-12,103.793807983398,88.809684753418,4460.830078
2021-08-13,103.468605041504,89.4619216918945,4468
2021-08-16,103.823364257813,89.8707733154297,4479.709961
2021-08-17,102.699989318848,89.033576965332,4448.080078
2021-08-18,101.576606750488,86.4149475097656,4400.27002
2021-08-19,100.867111206055,85.4414825439453,4405.799805
2021-08-20,101.133171081543,86.3370742797852,4441.669922
2021-08-23,101.960929870605,87.15478515625,4479.529785
2021-08-24,102.473342895508,87.1839981079102,4486.22998
2021-08-25,103.133567810059,87.9140853881836,4496.189941
2021-08-26,102.680274963379,87.6025848388672,4470
2021-08-27,103.389778137207,88.3326797485352,4509.370117
2021-08-30,103.271530151367,88.3521575927734,4528.790039
2021-08-31,102.98575592041,87.6707305908203,4522.680176
2021-09-01,102.591590881348,86.7946090698242,4524.089844
2021-09-02,103.695259094238,88.8604431152344,4536.950195
2021-09-03,103.064582824707,88.2044677734375,4535.430176
2021-09-07,101.280990600586,86.6379470825195,4520.029785
2021-09-08,101.4189453125,87.2449798583984,4514.069824
2021-09-09,100.926239013672,85.4532775878906,4493.279785
2021-09-10,100.472946166992,86.5498352050781,4458.580078
2021-09-13,100.739013671875,87.2645568847656,4468.72998
2021-09-14,99.5269393920898,88.1946792602539,4443.049805
2021-09-15,100.620765686035,88.7723236083984,4480.700195
2021-09-16,99.9309692382813,88.3806991577148,4473.75
2021-09-17,98.8667297363281,85.6099395751953,4432.990234
2021-09-20,97.732795715332,85.0029067993164,4357.72998
2021-09-21,97.2187194824219,85.6197128295898,4354.189941
2021-09-22,97.9898376464844,85.678466796875,4395.640137
2021-09-23,99.4925003051758,86.6085815429688,4448.97998
2021-09-24,99.7001113891602,86.6575393676758,4455.47998
2021-09-27,99.7989654541016,87.8324203491211,4443.109863
2021-09-28,98.6423110961914,86.8435516357422,4352.629883
2021-09-29,98.7510528564453,86.5890045166016,4359.459961
2021-09-30,96.7244262695313,85.1791305541992,4307.540039
2021-10-01,98.0491485595703,84.5427398681641,4357.040039
2021-10-04,97.5153045654297,84.6504440307617,4300.459961
2021-10-05,98.6027603149414,85.5316009521484,4345.720215
2021-10-06,99.0377502441406,86.8631362915039,4363.549805
2021-10-07,99.8088531494141,87.7638854980469,4399.759766
2021-10-08,99.7989654541016,88.7625350952148,4391.339844
2021-10-11,98.9982070922852,89.349983215332,4361.189941
2021-10-12,98.6719665527344,88.9485549926758,4350.649902
2021-10-13,98.8795623779297,89.5751647949219,4363.799805
2021-10-14,100.748023986816,91.9738845825195,4438.259766
2021-10-15,101.716842651367,92.6494445800781,4471.370117
2021-10-18,101.78604888916,94.9992141723633,4486.459961
2021-10-19,102.389099121094,95.5181198120117,4519.629883
2021-10-20,103.031684875488,96.2915802001953,4536.189941
2021-10-21,103.239295959473,96.7321701049805,4549.779785
2021-10-22,103.605072021484,97.6133270263672,4544.899902
2021-10-25,103.842330932617,96.1349411010742,4566.47998
2021-10-26,103.199745178223,96.4482421875,4574.790039
2021-10-27,101.993644714355,95.5964508056641,4551.680176
2021-10-28,103.268951416016,96.0859832763672,4596.419922
2021-10-29,103.298599243164,94.9600448608398,4605.379883
2021-11-01,103.585296630859,93.9907684326172,4613.669922
2021-11-02,103.931304931641,92.590705871582,4630.649902
2021-11-03,103.703926086426,92.5025863647461,4660.569824
2021-11-04,104.119132995605,94.0397338867188,4680.060059
2021-11-05,105.176933288574,91.8563919067383,4697.529785
2021-11-08,105.611923217773,92.4830017089844,4701.700195
2021-11-09,105.878837585449,92.2088623046875,4685.25
2021-11-10,105.285690307617,90.9164962768555,4646.709961
2021-11-11,104.850700378418,90.9067077636719,4649.27002
2021-11-12,105.681121826172,92.5123748779297,4682.850098
2021-11-15,105.878837585449,93.6187286376953,4682.799805
2021-11-16,105.898628234863,94.4705200195313,4700.899902
2021-11-17,105.265914916992,92.4732131958008,4688.669922
2021-11-18,105.04842376709,91.9445114135742,4704.540039
2021-11-19,104.524467468262,94.255126953125,4697.959961
2021-11-22,104.811157226563,94.7544555664063,4682.939941
2021-11-23,104.989097595215,95.7237243652344,4690.700195
2021-11-24,104.870475769043,96.2034759521484,4701.459961
2021-11-26,102.033195495605,94.2649154663086,4594.620117
2021-11-29,102.211151123047,93.6187286376953,4655.27002
2021-11-30,99.6210174560547,93.0998153686523,4567
2021-12-01,98.2369842529297,91.9053497314453,4513.040039
2021-12-02,101.153350830078,92.2480316162109,4577.100098
2021-12-03,101.034713745117,94.9698333740234,4538.430176
2021-12-06,102.744987487793,95.8510055541992,4591.669922
2021-12-07,103.792900085449,96.2328414916992,4686.75
2021-12-08,104.049934387207,97.4958419799805,4701.209961
2021-12-09,103.723701477051,98.5238647460938,4667.450195
2021-12-10,104.148796081543,103.072036743164,4712.02002
2021-12-13,103.071235656738,103.357528686523,4668.970215
2021-12-14,102.092514038086,102.55591583252,4634.089844
2021-12-15,102.98225402832,102.882499694824,4709.850098
2021-12-16,103.031684875488,103.308044433594,4668.669922
2021-12-17,101.271980285645,100.319343566895,4620.640137
2021-12-20,99.649528503418,99.7057647705078,4568.02002
2021-12-21,101.634178161621,100.665718078613,4649.22998
2021-12-22,101.921951293945,100.240173339844,4696.560059
2021-12-23,103.122665405273,101.388153076172,4725.790039
2021-12-27,104.214225769043,103.397109985352,4791.189941
2021-12-28,104.740165710449,105.030006408691,4786.350098
2021-12-29,104.928703308105,106.306632995605,4793.060059
2021-12-30,104.551628112793,105.980049133301,4778.72998
2021-12-31,104.998168945313,106.514457702637,4766.180176
